2025-10-09 14:45:25,033 - INFO - ============================================================
2025-10-09 14:45:25,034 - INFO - Starting DSA Instruction-Response Pair Generation
2025-10-09 14:45:25,034 - INFO - ============================================================
2025-10-09 14:45:25,034 - INFO - Target: 500 total pairs
2025-10-09 14:45:25,034 - INFO - Remaining: 500 pairs to generate
2025-10-09 14:45:25,034 - INFO - Topics covered: 20 DSA categories
2025-10-09 14:45:25,034 - INFO - 
============================================================
2025-10-09 14:45:25,034 - INFO - Generating batch 1
2025-10-09 14:45:25,034 - INFO - Progress: 0/500 pairs
2025-10-09 14:45:25,034 - INFO - ============================================================

2025-10-09 14:45:30,304 - INFO - 
Script interrupted by user. Progress has been saved.
2025-10-09 14:45:30,304 - INFO - Run the script again to resume from where you left off.
2025-10-09 14:46:03,827 - INFO - ============================================================
2025-10-09 14:46:03,827 - INFO - Starting DSA Instruction-Response Pair Generation
2025-10-09 14:46:03,827 - INFO - ============================================================
2025-10-09 14:46:03,827 - INFO - Loaded 0 existing instructions for deduplication
2025-10-09 14:46:03,827 - INFO - No progress file found, but counted 0 existing pairs in output file
2025-10-09 14:46:03,827 - INFO - Target: 500 total pairs
2025-10-09 14:46:03,827 - INFO - Remaining: 500 pairs to generate
2025-10-09 14:46:03,827 - INFO - Topics covered: 20 DSA categories
2025-10-09 14:46:03,827 - INFO - 
============================================================
2025-10-09 14:46:03,827 - INFO - Generating batch 1
2025-10-09 14:46:03,827 - INFO - Progress: 0/500 pairs
2025-10-09 14:46:03,827 - INFO - ============================================================

2025-10-09 14:46:26,673 - INFO - Sample - Q: What is a stable sort, and why is this property important? Provide an example of a stable sorting al...
2025-10-09 14:46:26,674 - INFO - Sample - A: A stable sort is an algorithm that preserves the original relative order of elements with equal sorting keys. This property is crucial when sorting da...
2025-10-09 14:46:26,674 - INFO - Sample - Q: Explain the concepts of hash collisions and load factor in a hash table. How does chaining work to r...
2025-10-09 14:46:26,674 - INFO - Sample - A: A hash collision occurs when two distinct keys are mapped by the hash function to the same index (bucket) in the hash table's underlying array. The lo...
2025-10-09 14:46:26,674 - INFO - Generated 5 unique pairs in this batch
2025-10-09 14:46:26,674 - INFO - Total progress: 5/500
2025-10-09 14:46:28,676 - INFO - 
============================================================
2025-10-09 14:46:28,676 - INFO - Generating batch 2
2025-10-09 14:46:28,677 - INFO - Progress: 5/500 pairs
2025-10-09 14:46:28,677 - INFO - ============================================================

2025-10-09 14:46:55,894 - INFO - Sample - Q: When would you use Dijkstra's algorithm instead of a simple Breadth-First Search (BFS) for finding t...
2025-10-09 14:46:55,895 - INFO - Sample - A: You should use Dijkstra's algorithm over Breadth-First Search (BFS) when finding the shortest path in a weighted graph with non-negative edge weights....
2025-10-09 14:46:55,896 - INFO - Sample - Q: Explain the trade-offs between memoization (top-down) and tabulation (bottom-up) approaches in dynam...
2025-10-09 14:46:55,896 - INFO - Sample - A: Memoization is a top-down, recursive approach where you solve a problem by breaking it down and caching the results of subproblems in a lookup table (...
2025-10-09 14:46:55,896 - INFO - Generated 5 unique pairs in this batch
2025-10-09 14:46:55,896 - INFO - Total progress: 10/500
2025-10-09 14:46:57,903 - INFO - 
============================================================
2025-10-09 14:46:57,903 - INFO - Generating batch 3
2025-10-09 14:46:57,903 - INFO - Progress: 10/500 pairs
2025-10-09 14:46:57,903 - INFO - ============================================================

2025-10-09 14:47:32,332 - INFO - Sample - Q: Explain the difference between memoization and tabulation in dynamic programming. When would you cho...
2025-10-09 14:47:32,332 - INFO - Sample - A: Memoization is a top-down, recursive approach where you store the results of expensive function calls and return the cached result when the same input...
2025-10-09 14:47:32,332 - INFO - Sample - Q: What are the two key properties a problem must exhibit to be solvable by a greedy algorithm? Provide...
2025-10-09 14:47:32,332 - INFO - Sample - A: For a problem to be solvable by a greedy algorithm, it must possess two key properties: the Greedy Choice Property and Optimal Substructure. The Greed...
2025-10-09 14:47:32,332 - INFO - Generated 5 unique pairs in this batch
2025-10-09 14:47:32,332 - INFO - Total progress: 15/500
2025-10-09 14:47:34,338 - INFO - 
============================================================
2025-10-09 14:47:34,338 - INFO - Generating batch 4
2025-10-09 14:47:34,338 - INFO - Progress: 15/500 pairs
2025-10-09 14:47:34,338 - INFO - ============================================================

2025-10-09 14:48:04,603 - INFO - Sample - Q: Compare and contrast the Merge Sort and Quick Sort algorithms. In what specific scenarios would you ...
2025-10-09 14:48:04,604 - INFO - Sample - A: Both Merge Sort and Quick Sort are efficient, comparison-based sorting algorithms that use the Divide and Conquer paradigm. Merge Sort works by recurs...
2025-10-09 14:48:04,604 - INFO - Sample - Q: Analyze the time and space complexity of the following Python code, which finds all pairs of numbers...
2025-10-09 14:48:04,604 - INFO - Sample - A: The time complexity of this function is O(n), where n is the number of elements in the `numbers` list. This is because the algorithm iterates through ...
2025-10-09 14:48:04,605 - INFO - Sample - Q: When implementing an algorithm to find a Minimum Spanning Tree (MST), under what circumstances would...
2025-10-09 14:48:04,605 - INFO - Sample - A: The choice between Prim's and Kruskal's algorithms for finding an MST primarily depends on the density of the graph (the ratio of edges E to vertices ...
2025-10-09 14:48:04,605 - INFO - Generated 5 unique pairs in this batch
2025-10-09 14:48:04,605 - INFO - Total progress: 20/500
2025-10-09 14:48:06,613 - INFO - 
============================================================
2025-10-09 14:48:06,613 - INFO - Generating batch 5
2025-10-09 14:48:06,613 - INFO - Progress: 20/500 pairs
2025-10-09 14:48:06,613 - INFO - ============================================================

2025-10-09 14:48:32,781 - INFO - Sample - Q: Explain the concept of amortized analysis using the aggregate method, and contrast it with worst-cas...
2025-10-09 14:48:32,782 - INFO - Sample - A: Amortized analysis provides an average performance measure for a sequence of operations, smoothing out the cost of infrequent, expensive operations ov...
2025-10-09 14:48:32,782 - INFO - Sample - Q: When would you choose Prim's algorithm over Kruskal's algorithm to find a Minimum Spanning Tree (MST...
2025-10-09 14:48:32,782 - INFO - Sample - A: The choice between Prim's and Kruskal's algorithm primarily depends on the graph's density (the ratio of edges E to vertices V). Prim's algorithm is g...
2025-10-09 14:48:32,783 - INFO - Generated 5 unique pairs in this batch
2025-10-09 14:48:32,783 - INFO - Total progress: 25/500
2025-10-09 14:48:34,788 - INFO - 
============================================================
2025-10-09 14:48:34,788 - INFO - Generating batch 6
2025-10-09 14:48:34,788 - INFO - Progress: 25/500 pairs
2025-10-09 14:48:34,788 - INFO - ============================================================

2025-10-09 14:49:04,894 - INFO - Sample - Q: What is a hash collision in the context of hash tables, and how do the 'Separate Chaining' and 'Open...
2025-10-09 14:49:04,896 - INFO - Sample - A: A hash collision occurs when two distinct keys are mapped to the same index (or "bucket") in a hash table by the hash function. 'Separate Chaining' re...
2025-10-09 14:49:04,896 - INFO - Sample - Q: Describe the A* search algorithm's evaluation function, f(n) = g(n) + h(n), and explain how the choi...
2025-10-09 14:49:04,896 - INFO - Sample - A: The A* search algorithm finds the shortest path in a graph using an evaluation function `f(n) = g(n) + h(n)`. Here, `g(n)` is the exact cost of the pa...
2025-10-09 14:49:04,896 - INFO - Generated 5 unique pairs in this batch
2025-10-09 14:49:04,897 - INFO - Total progress: 30/500
2025-10-09 14:49:06,902 - INFO - 
============================================================
2025-10-09 14:49:06,902 - INFO - Generating batch 7
2025-10-09 14:49:06,902 - INFO - Progress: 30/500 pairs
2025-10-09 14:49:06,902 - INFO - ============================================================

2025-10-09 14:49:30,981 - INFO - Sample - Q: When deleting a specific node from a linked list for which you only have a pointer to that node, why...
2025-10-09 14:49:30,982 - INFO - Sample - A: In a doubly linked list, deleting a given node is an O(1) operation. This is because each node contains a `prev` pointer, allowing direct access to th...
2025-10-09 14:49:30,982 - INFO - Sample - Q: Explain how to implement a queue using two stacks and analyze the amortized time complexity of the e...
2025-10-09 14:49:30,982 - INFO - Sample - A: A queue can be implemented using two stacks, let's call them `stack1` (for enqueuing) and `stack2` (for dequeuing). The `enqueue` operation is simple:...
2025-10-09 14:49:30,982 - INFO - Generated 5 unique pairs in this batch
2025-10-09 14:49:30,982 - INFO - Total progress: 35/500
2025-10-09 14:49:32,992 - INFO - 
============================================================
2025-10-09 14:49:32,992 - INFO - Generating batch 8
2025-10-09 14:49:32,992 - INFO - Progress: 35/500 pairs
2025-10-09 14:49:32,992 - INFO - ============================================================

2025-10-09 14:49:59,451 - INFO - Sample - Q: Explain the concepts of load factor and resizing (rehashing) in a hash table. What is the amortized ...
2025-10-09 14:49:59,452 - INFO - Sample - A: The load factor of a hash table is a measure of how full it is, calculated as the number of stored elements divided by the number of buckets (Load Fac...
2025-10-09 14:49:59,452 - INFO - Sample - Q: You are given a continuous stream of numbers. How would you design a data structure to efficiently f...
2025-10-09 14:49:59,452 - INFO - Sample - A: A highly efficient method for finding the median of a data stream is to use a two-heap approach. We maintain two heaps: a max-heap to store the smalle...
2025-10-09 14:49:59,452 - INFO - Sample - Q: Write an iterative Python code snippet for binary search. What is the main precondition for its use,...
2025-10-09 14:49:59,452 - INFO - Sample - A: The absolute precondition for using binary search is that the input collection must be sorted. The algorithm's efficiency stems from its ability to el...
2025-10-09 14:49:59,452 - INFO - Generated 5 unique pairs in this batch
2025-10-09 14:49:59,452 - INFO - Total progress: 40/500
2025-10-09 14:50:01,457 - INFO - 
============================================================
2025-10-09 14:50:01,457 - INFO - Generating batch 9
2025-10-09 14:50:01,457 - INFO - Progress: 40/500 pairs
2025-10-09 14:50:01,457 - INFO - ============================================================

2025-10-09 14:50:24,857 - INFO - Sample - Q: Explain the concept of 'stability' in sorting algorithms and provide examples of both stable and uns...
2025-10-09 14:50:24,859 - INFO - Sample - A: Stability in a sorting algorithm means that two objects with equal keys appear in the same relative order in the sorted output as they did in the orig...
2025-10-09 14:50:24,859 - INFO - Sample - Q: How would you modify the standard Binary Search algorithm to find a target element in a sorted array...
2025-10-09 14:50:24,859 - INFO - Sample - A: To search in a rotated sorted array, the core idea is to adapt binary search by identifying which half of the search space is sorted at each step. Aft...
2025-10-09 14:50:24,859 - INFO - Generated 5 unique pairs in this batch
2025-10-09 14:50:24,859 - INFO - Total progress: 45/500
2025-10-09 14:50:26,865 - INFO - 
============================================================
2025-10-09 14:50:26,865 - INFO - Generating batch 10
2025-10-09 14:50:26,865 - INFO - Progress: 45/500 pairs
2025-10-09 14:50:26,865 - INFO - ============================================================

2025-10-09 14:50:56,770 - INFO - Sample - Q: Explain the two essential properties, the greedy-choice property and optimal substructure, that a pr...
2025-10-09 14:50:56,771 - INFO - Sample - A: For a greedy algorithm to be provably optimal, the problem must exhibit two key properties. First is the greedy-choice property, which states that a g...
2025-10-09 14:50:56,771 - INFO - Sample - Q: How does backtracking extend the concept of pure recursion? Using the N-Queens problem as an example...
2025-10-09 14:50:56,771 - INFO - Sample - A: Backtracking is a specialized form of recursion designed for exploring all possible solutions to a problem by incrementally building candidates. Unlik...
2025-10-09 14:50:56,772 - INFO - Generated 5 unique pairs in this batch
2025-10-09 14:50:56,772 - INFO - Total progress: 50/500
2025-10-09 14:50:58,775 - INFO - 
============================================================
2025-10-09 14:50:58,775 - INFO - Generating batch 11
2025-10-09 14:50:58,775 - INFO - Progress: 50/500 pairs
2025-10-09 14:50:58,776 - INFO - ============================================================

2025-10-09 14:51:23,805 - INFO - Sample - Q: What is the practical difference between Big O, Big Omega, and Big Theta notation, and why is Big O ...
2025-10-09 14:51:23,808 - INFO - Sample - A: Big O (O) notation describes an algorithm's upper bound, representing its worst-case performance as the input size grows. Big Omega (Ω) describes the ...
2025-10-09 14:51:23,808 - INFO - Sample - Q: Explain the concept of Amortized Analysis and provide a concrete example using a dynamic array (like...
2025-10-09 14:51:23,808 - INFO - Sample - A: Amortized analysis is a method for analyzing the average cost of a sequence of operations, where occasional, expensive operations are 'smoothed out' o...
2025-10-09 14:51:23,808 - INFO - Generated 5 unique pairs in this batch
2025-10-09 14:51:23,808 - INFO - Total progress: 55/500
2025-10-09 14:51:25,816 - INFO - 
============================================================
2025-10-09 14:51:25,816 - INFO - Generating batch 12
2025-10-09 14:51:25,816 - INFO - Progress: 55/500 pairs
2025-10-09 14:51:25,816 - INFO - ============================================================

2025-10-09 14:51:49,041 - INFO - Sample - Q: What is the 'Union-Find' or 'Disjoint Set Union (DSU)' data structure, and what problem is it design...
2025-10-09 14:51:49,043 - INFO - Sample - A: A Disjoint Set Union (DSU) data structure is used to track a set of elements partitioned into a number of non-overlapping (disjoint) subsets. It effic...
2025-10-09 14:51:49,043 - INFO - Sample - Q: Describe the A* (A-star) search algorithm and explain the critical role of its heuristic function. W...
2025-10-09 14:51:49,043 - INFO - Sample - A: A* is an informed graph traversal algorithm used for finding the shortest path between two nodes. It balances the cost to reach a node with an estimat...
2025-10-09 14:51:49,043 - INFO - Sample - Q: Explain the concept of 'memoization' and how it relates to dynamic programming, providing a simple e...
2025-10-09 14:51:49,044 - INFO - Sample - A: Memoization is an optimization technique used to speed up computer programs by storing the results of expensive function calls and returning the cache...
2025-10-09 14:51:49,044 - INFO - Generated 5 unique pairs in this batch
2025-10-09 14:51:49,044 - INFO - Total progress: 60/500
2025-10-09 14:51:51,047 - INFO - 
============================================================
2025-10-09 14:51:51,048 - INFO - Generating batch 13
2025-10-09 14:51:51,048 - INFO - Progress: 60/500 pairs
2025-10-09 14:51:51,048 - INFO - ============================================================

2025-10-09 14:52:12,858 - INFO - Sample - Q: What is the concept of amortized time complexity, and how does it apply to the 'add' operation in a ...
2025-10-09 14:52:12,859 - INFO - Sample - A: Amortized time complexity analyzes the average time an operation takes over a sequence of operations, rather than focusing on the worst-case cost of a...
2025-10-09 14:52:12,859 - INFO - Sample - Q: Describe how to implement a Trie data structure and then use it to build an autocomplete or 'search ...
2025-10-09 14:52:12,859 - INFO - Sample - A: A Trie, or prefix tree, is a tree-like data structure for storing strings where nodes represent characters. Each node typically contains an array or m...
2025-10-09 14:52:12,859 - INFO - Generated 5 unique pairs in this batch
2025-10-09 14:52:12,859 - INFO - Total progress: 65/500
2025-10-09 14:52:14,865 - INFO - 
============================================================
2025-10-09 14:52:14,866 - INFO - Generating batch 14
2025-10-09 14:52:14,866 - INFO - Progress: 65/500 pairs
2025-10-09 14:52:14,866 - INFO - ============================================================

2025-10-09 14:52:42,812 - INFO - Sample - Q: How can a queue be implemented using two stacks? Explain the time complexity of the enqueue and dequ...
2025-10-09 14:52:42,813 - INFO - Sample - A: A queue can be implemented using two stacks, let's call them `stack1` for enqueuing and `stack2` for dequeuing. To enqueue an element, you simply push...
2025-10-09 14:52:42,813 - INFO - Sample - Q: Explain the concept of 'rotations' in self-balancing binary search trees like AVL trees, and why thi...
2025-10-09 14:52:42,813 - INFO - Sample - A: A rotation is a local transformation of a subtree in a binary search tree that changes the parent-child relationships between nodes to rebalance the t...
2025-10-09 14:52:42,813 - INFO - Generated 5 unique pairs in this batch
2025-10-09 14:52:42,813 - INFO - Total progress: 70/500
2025-10-09 14:52:44,820 - INFO - 
============================================================
2025-10-09 14:52:44,821 - INFO - Generating batch 15
2025-10-09 14:52:44,821 - INFO - Progress: 70/500 pairs
2025-10-09 14:52:44,821 - INFO - ============================================================

2025-10-09 14:53:08,797 - INFO - Sample - Q: Explain the difference between linear probing and chaining for resolving hash collisions in a hash t...
2025-10-09 14:53:08,798 - INFO - Sample - A: Linear probing and chaining are two common strategies for handling hash collisions. Chaining resolves collisions by having each bucket in the hash tab...
2025-10-09 14:53:08,798 - INFO - Sample - Q: How does the A* search algorithm improve upon Dijkstra's algorithm for finding the shortest path in ...
2025-10-09 14:53:08,798 - INFO - Sample - A: The A* search algorithm improves upon Dijkstra's by using a heuristic to guide its search, making it significantly more efficient for finding the shor...
2025-10-09 14:53:08,798 - INFO - Generated 5 unique pairs in this batch
2025-10-09 14:53:08,798 - INFO - Total progress: 75/500
2025-10-09 14:53:10,803 - INFO - 
============================================================
2025-10-09 14:53:10,804 - INFO - Generating batch 16
2025-10-09 14:53:10,804 - INFO - Progress: 75/500 pairs
2025-10-09 14:53:10,804 - INFO - ============================================================

2025-10-09 14:53:40,051 - INFO - Sample - Q: When implementing binary search, why is it often recommended to calculate the middle index using `mi...
2025-10-09 14:53:40,052 - INFO - Sample - A: The primary reason for using `mid = low + (high - low) / 2` is to prevent integer overflow in languages with fixed-size integer types like C++ and Jav...
2025-10-09 14:53:40,052 - INFO - Sample - Q: Explain the difference between memoization (top-down) and tabulation (bottom-up) approaches in dynam...
2025-10-09 14:53:40,052 - INFO - Sample - A: Memoization and tabulation are two strategies for implementing dynamic programming. Memoization is a top-down, recursive approach where you solve the ...
2025-10-09 14:53:40,052 - INFO - Sample - Q: Both Divide and Conquer and Dynamic Programming algorithms solve problems by breaking them into subp...
2025-10-09 14:53:40,052 - INFO - Sample - A: The fundamental difference between Divide and Conquer and Dynamic Programming lies in how they handle subproblems: whether the subproblems are indepen...
2025-10-09 14:53:40,052 - INFO - Generated 5 unique pairs in this batch
2025-10-09 14:53:40,052 - INFO - Total progress: 80/500
2025-10-09 14:53:42,058 - INFO - 
============================================================
2025-10-09 14:53:42,058 - INFO - Generating batch 17
2025-10-09 14:53:42,058 - INFO - Progress: 80/500 pairs
2025-10-09 14:53:42,058 - INFO - ============================================================

2025-10-09 14:54:06,214 - INFO - Sample - Q: Explain the fundamental difference between O(1) and O(n) time complexity using array operations as a...
2025-10-09 14:54:06,215 - INFO - Sample - A: O(1) complexity, or constant time, means an operation takes the same amount of time regardless of the input size, while O(n) complexity, or linear tim...
2025-10-09 14:54:06,215 - INFO - Sample - Q: Describe the core mechanism of backtracking for solving constraint satisfaction problems like genera...
2025-10-09 14:54:06,215 - INFO - Sample - A: Backtracking operates on a 'choose, explore, unchoose' paradigm to incrementally build a solution. For a problem like generating parentheses, at each ...
2025-10-09 14:54:06,215 - INFO - Generated 5 unique pairs in this batch
2025-10-09 14:54:06,215 - INFO - Total progress: 85/500
2025-10-09 14:54:08,225 - INFO - 
============================================================
2025-10-09 14:54:08,225 - INFO - Generating batch 18
2025-10-09 14:54:08,226 - INFO - Progress: 85/500 pairs
2025-10-09 14:54:08,227 - INFO - ============================================================

2025-10-09 14:54:35,479 - INFO - Sample - Q: Explain the practical difference between Big O (O), Big Omega (Ω), and Big Theta (Θ) notations. Why ...
2025-10-09 14:54:35,480 - INFO - Sample - A: Big O (O) notation describes an algorithm's upper bound, representing its worst-case time or space complexity. Big Omega (Ω) describes the lower bound...
2025-10-09 14:54:35,480 - INFO - Sample - Q: What is amortized analysis, and how does it explain the O(1) time complexity for adding an element t...
2025-10-09 14:54:35,480 - INFO - Sample - A: Amortized analysis is a technique used to evaluate the average cost of a sequence of operations over time. For a dynamic array, most `append` operatio...
2025-10-09 14:54:35,481 - INFO - Generated 5 unique pairs in this batch
2025-10-09 14:54:35,481 - INFO - Total progress: 90/500
2025-10-09 14:54:37,486 - INFO - 
============================================================
2025-10-09 14:54:37,486 - INFO - Generating batch 19
2025-10-09 14:54:37,486 - INFO - Progress: 90/500 pairs
2025-10-09 14:54:37,487 - INFO - ============================================================

2025-10-09 14:55:06,510 - INFO - Sample - Q: Explain the fundamental difference between Dijkstra's algorithm and the Bellman-Ford algorithm for f...
2025-10-09 14:55:06,511 - INFO - Sample - A: Dijkstra's algorithm uses a greedy approach, always exploring the unvisited node with the smallest known distance, which makes it very efficient (O(E ...
2025-10-09 14:55:06,511 - INFO - Sample - Q: In the context of dynamic programming, what are the key differences between the memoization (top-dow...
2025-10-09 14:55:06,511 - INFO - Sample - A: Memoization is a top-down recursive approach where you store the results of function calls and return the cached result for the same inputs. It solves...
2025-10-09 14:55:06,512 - INFO - Generated 5 unique pairs in this batch
2025-10-09 14:55:06,512 - INFO - Total progress: 95/500
2025-10-09 14:55:08,518 - INFO - 
============================================================
2025-10-09 14:55:08,519 - INFO - Generating batch 20
2025-10-09 14:55:08,519 - INFO - Progress: 95/500 pairs
2025-10-09 14:55:08,519 - INFO - ============================================================

2025-10-09 14:55:31,194 - INFO - Sample - Q: How does the sliding window technique optimize string and array problems, and what is its typical ti...
2025-10-09 14:55:31,195 - INFO - Sample - A: The sliding window technique is an algorithmic approach that transforms nested loops, typically O(n^2) or worse, into a single pass, achieving an opti...
2025-10-09 14:55:31,195 - INFO - Sample - Q: Explain the process and benefits of deleting a node from a doubly linked list when you are given a p...
2025-10-09 14:55:31,195 - INFO - Sample - A: When given a pointer, say `node_to_delete`, to a node in a doubly linked list, you can delete it in O(1) time. The process involves re-linking its nei...
2025-10-09 14:55:31,195 - INFO - Sample - Q: What is the most efficient way to find the Kth largest element in an unsorted array using a heap? Ex...
2025-10-09 14:55:31,195 - INFO - Sample - A: The most efficient heap-based method to find the Kth largest element is to use a Min-Heap of a fixed size K. You iterate through the input array of si...
2025-10-09 14:55:31,195 - INFO - Generated 5 unique pairs in this batch
2025-10-09 14:55:31,195 - INFO - Total progress: 100/500
2025-10-09 14:55:33,198 - INFO - 
============================================================
2025-10-09 14:55:33,199 - INFO - Generating batch 21
2025-10-09 14:55:33,199 - INFO - Progress: 100/500 pairs
2025-10-09 14:55:33,199 - INFO - ============================================================

2025-10-09 14:56:01,009 - INFO - Sample - Q: In practical applications like database indexing or kernel memory management, why might a Red-Black ...
2025-10-09 14:56:01,009 - INFO - Sample - A: The choice between Red-Black Trees (RBT) and AVL Trees involves a trade-off between modification speed and lookup speed. AVL trees maintain a strict b...
2025-10-09 14:56:01,009 - INFO - Sample - Q: How can you efficiently build a Min-Heap from an unsorted array in O(n) time, and why is this more e...
2025-10-09 14:56:01,009 - INFO - Sample - A: An efficient O(n) build-heap operation is achieved using a bottom-up approach, often called `heapify`. The process starts from the last non-leaf node ...
2025-10-09 14:56:01,009 - INFO - Generated 5 unique pairs in this batch
2025-10-09 14:56:01,009 - INFO - Total progress: 105/500
2025-10-09 14:56:03,011 - INFO - 
============================================================
2025-10-09 14:56:03,011 - INFO - Generating batch 22
2025-10-09 14:56:03,012 - INFO - Progress: 105/500 pairs
2025-10-09 14:56:03,012 - INFO - ============================================================

2025-10-09 14:56:29,711 - INFO - Sample - Q: When finding the shortest path in a graph, why would you choose the Bellman-Ford algorithm over Dijk...
2025-10-09 14:56:29,712 - INFO - Sample - A: The primary reason to choose Bellman-Ford over Dijkstra's is its ability to handle graphs with negative edge weights. Dijkstra's algorithm operates on...
2025-10-09 14:56:29,713 - INFO - Sample - Q: Standard library sorting functions, like Python's `Timsort`, are often hybrid algorithms. Explain wh...
2025-10-09 14:56:29,713 - INFO - Sample - A: A hybrid approach like Timsort leverages the strengths of different algorithms for different scenarios. Mergesort has a guaranteed O(n log n) time com...
2025-10-09 14:56:29,713 - INFO - Generated 5 unique pairs in this batch
2025-10-09 14:56:29,713 - INFO - Total progress: 110/500
2025-10-09 14:56:31,718 - INFO - 
============================================================
2025-10-09 14:56:31,718 - INFO - Generating batch 23
2025-10-09 14:56:31,718 - INFO - Progress: 110/500 pairs
2025-10-09 14:56:31,718 - INFO - ============================================================

2025-10-09 14:57:07,546 - INFO - Sample - Q: When solving a dynamic programming problem, what are the practical trade-offs between using a top-do...
2025-10-09 14:57:07,547 - INFO - Sample - A: Memoization (top-down) and tabulation (bottom-up) are two methods for implementing dynamic programming, both generally having the same asymptotic time...
2025-10-09 14:57:07,547 - INFO - Sample - Q: What are the two key properties a problem must exhibit to be solvable by a greedy algorithm? Provide...
2025-10-09 14:57:07,547 - INFO - Sample - A: For a problem to be optimally solvable using a greedy algorithm, it must possess two crucial properties: the Greedy Choice Property and Optimal Substr...
2025-10-09 14:57:07,547 - INFO - Generated 5 unique pairs in this batch
2025-10-09 14:57:07,547 - INFO - Total progress: 115/500
2025-10-09 14:57:09,553 - INFO - 
============================================================
2025-10-09 14:57:09,553 - INFO - Generating batch 24
2025-10-09 14:57:09,553 - INFO - Progress: 115/500 pairs
2025-10-09 14:57:09,553 - INFO - ============================================================

2025-10-09 14:57:38,433 - INFO - Sample - Q: Explain the Master Theorem for analyzing divide-and-conquer algorithms. How would you apply it to de...
2025-10-09 14:57:38,434 - INFO - Sample - A: The Master Theorem provides a 'cookbook' method for solving recurrence relations of the form T(n) = aT(n/b) + f(n), which is common in divide-and-conq...
2025-10-09 14:57:38,434 - INFO - Sample - Q: What is the practical difference between worst-case, average-case, and best-case time complexity ana...
2025-10-09 14:57:38,434 - INFO - Sample - A: Best-case, average-case, and worst-case analyses describe an algorithm's performance under the most favorable, typical, and most unfavorable input sce...
2025-10-09 14:57:38,434 - INFO - Sample - Q: Compare Prim's and Kruskal's algorithms for finding a Minimum Spanning Tree (MST). Based on graph de...
2025-10-09 14:57:38,434 - INFO - Sample - A: Both Prim's and Kruskal's are greedy algorithms that find an MST, but they build the tree differently. Kruskal's algorithm builds a 'forest' by sortin...
2025-10-09 14:57:38,434 - INFO - Generated 5 unique pairs in this batch
2025-10-09 14:57:38,434 - INFO - Total progress: 120/500
2025-10-09 14:57:40,439 - INFO - 
============================================================
2025-10-09 14:57:40,439 - INFO - Generating batch 25
2025-10-09 14:57:40,440 - INFO - Progress: 120/500 pairs
2025-10-09 14:57:40,440 - INFO - ============================================================

2025-10-09 14:58:10,956 - INFO - Sample - Q: What are the key differences between Dijkstra's algorithm and the Bellman-Ford algorithm for finding...
2025-10-09 14:58:10,957 - INFO - Sample - A: Dijkstra's algorithm and Bellman-Ford both find the shortest path from a single source vertex, but they differ fundamentally in their approach and app...
2025-10-09 14:58:10,957 - INFO - Sample - Q: Explain the role of the 'rolling hash' technique in the Rabin-Karp algorithm. How does it work, and ...
2025-10-09 14:58:10,957 - INFO - Sample - A: The rolling hash is the core mechanism that makes the Rabin-Karp string-matching algorithm efficient on average. Instead of re-calculating the hash of...
2025-10-09 14:58:10,957 - INFO - Generated 5 unique pairs in this batch
2025-10-09 14:58:10,957 - INFO - Total progress: 125/500
2025-10-09 14:58:12,963 - INFO - 
============================================================
2025-10-09 14:58:12,963 - INFO - Generating batch 26
2025-10-09 14:58:12,963 - INFO - Progress: 125/500 pairs
2025-10-09 14:58:12,963 - INFO - ============================================================

2025-10-09 14:58:38,630 - INFO - Sample - Q: Explain the concept of amortized analysis using the example of adding elements to a dynamic array (l...
2025-10-09 14:58:38,631 - INFO - Sample - A: Amortized analysis is a method for analyzing an algorithm's complexity over a sequence of operations, averaging the cost of expensive operations with ...
2025-10-09 14:58:38,632 - INFO - Sample - Q: What is the A* (A-star) search algorithm, and how does its use of a heuristic function differentiate...
2025-10-09 14:58:38,632 - INFO - Sample - A: A* is a graph traversal and path-finding algorithm renowned for its performance and optimality. Like Dijkstra's algorithm, it aims to find the shortes...
2025-10-09 14:58:38,632 - INFO - Generated 5 unique pairs in this batch
2025-10-09 14:58:38,632 - INFO - Total progress: 130/500
2025-10-09 14:58:40,633 - INFO - 
============================================================
2025-10-09 14:58:40,634 - INFO - Generating batch 27
2025-10-09 14:58:40,634 - INFO - Progress: 130/500 pairs
2025-10-09 14:58:40,634 - INFO - ============================================================

2025-10-09 14:59:04,417 - INFO - Sample - Q: In what specific scenarios would you choose a Doubly Linked List over a Singly Linked List, despite ...
2025-10-09 14:59:04,419 - INFO - Sample - A: A Doubly Linked List is preferable when frequent bidirectional traversal or efficient node deletion without a reference to the predecessor is required...
2025-10-09 14:59:04,419 - INFO - Sample - Q: Explain the amortized time complexity of implementing a queue using two stacks. How does the 'enqueu...
2025-10-09 14:59:04,419 - INFO - Sample - A: To implement a queue with two stacks (`inStack` and `outStack`), the `enqueue` operation simply pushes the new element onto `inStack`, which is always...
2025-10-09 14:59:04,419 - INFO - Generated 5 unique pairs in this batch
2025-10-09 14:59:04,419 - INFO - Total progress: 135/500
2025-10-09 14:59:06,425 - INFO - 
============================================================
2025-10-09 14:59:06,425 - INFO - Generating batch 28
2025-10-09 14:59:06,425 - INFO - Progress: 135/500 pairs
2025-10-09 14:59:06,425 - INFO - ============================================================

2025-10-09 14:59:29,899 - INFO - Sample - Q: In many standard libraries, only a min-heap implementation is provided for a priority queue. How can...
2025-10-09 14:59:29,900 - INFO - Sample - A: You can efficiently implement a max-heap using a min-heap by inverting the sign of the numbers you store. To insert an element `x` into your conceptua...
2025-10-09 14:59:29,900 - INFO - Sample - Q: Compare and contrast two common hash collision resolution strategies: separate chaining and open add...
2025-10-09 14:59:29,900 - INFO - Sample - A: Separate chaining and linear probing are two popular methods for handling hash collisions. In separate chaining, each bucket in the hash table is a po...
2025-10-09 14:59:29,900 - INFO - Sample - Q: Standard binary search finds if a target value exists in a sorted array. How would you modify the bi...
2025-10-09 14:59:29,901 - INFO - Sample - A: To find the first occurrence of a target in a sorted array with duplicates, you modify the condition for when a match is found. In a standard binary s...
2025-10-09 14:59:29,901 - INFO - Generated 5 unique pairs in this batch
2025-10-09 14:59:29,901 - INFO - Total progress: 140/500
2025-10-09 14:59:31,906 - INFO - 
============================================================
2025-10-09 14:59:31,907 - INFO - Generating batch 29
2025-10-09 14:59:31,907 - INFO - Progress: 140/500 pairs
2025-10-09 14:59:31,907 - INFO - ============================================================

2025-10-09 15:00:05,032 - INFO - Sample - Q: Explain the concept of 'stability' in sorting algorithms. Why is this property important in practice...
2025-10-09 15:00:05,033 - INFO - Sample - A: Stability in a sorting algorithm means that two elements with equal keys appear in the same relative order in the sorted output as they did in the ori...
2025-10-09 15:00:05,033 - INFO - Sample - Q: When implementing a recursive binary search, what is a common mistake that can lead to a `StackOverf...
2025-10-09 15:00:05,033 - INFO - Sample - A: A common mistake in recursive binary search that causes a `StackOverflowError` is failing to shrink the search space in every recursive call. This occ...
2025-10-09 15:00:05,033 - INFO - Generated 5 unique pairs in this batch
2025-10-09 15:00:05,033 - INFO - Total progress: 145/500
2025-10-09 15:00:07,035 - INFO - 
============================================================
2025-10-09 15:00:07,035 - INFO - Generating batch 30
2025-10-09 15:00:07,035 - INFO - Progress: 145/500 pairs
2025-10-09 15:00:07,036 - INFO - ============================================================

2025-10-09 15:00:29,203 - INFO - Sample - Q: Explain the concept of 'optimal substructure' and 'greedy choice property' in the context of greedy ...
2025-10-09 15:00:29,204 - INFO - Sample - A: Optimal substructure means that an optimal solution to the entire problem contains optimal solutions to its subproblems. The greedy choice property me...
2025-10-09 15:00:29,204 - INFO - Sample - Q: When solving a problem like the N-Queens puzzle using backtracking, what is the role of the 'state s...
2025-10-09 15:00:29,204 - INFO - Sample - A: In backtracking for N-Queens, the state space tree represents all possible placements of queens on the board, with each level of the tree correspondin...
2025-10-09 15:00:29,204 - INFO - Generated 5 unique pairs in this batch
2025-10-09 15:00:29,204 - INFO - Total progress: 150/500
2025-10-09 15:00:31,210 - INFO - 
============================================================
2025-10-09 15:00:31,210 - INFO - Generating batch 31
2025-10-09 15:00:31,210 - INFO - Progress: 150/500 pairs
2025-10-09 15:00:31,210 - INFO - ============================================================

2025-10-09 15:00:55,651 - INFO - Sample - Q: What is amortized analysis, and how does it apply to the append operation in a dynamic array (like P...
2025-10-09 15:00:55,652 - INFO - Sample - A: Amortized analysis is a technique used to evaluate the average time complexity of an operation over a sequence of operations. Instead of focusing on t...
2025-10-09 15:00:55,653 - INFO - Sample - Q: Compare and contrast Prim's and Kruskal's algorithms for finding a Minimum Spanning Tree (MST). When...
2025-10-09 15:00:55,653 - INFO - Sample - A: Both Prim's and Kruskal's are greedy algorithms that find a Minimum Spanning Tree (MST), but they build the tree differently. Prim's algorithm grows t...
2025-10-09 15:00:55,653 - INFO - Generated 5 unique pairs in this batch
2025-10-09 15:00:55,653 - INFO - Total progress: 155/500
2025-10-09 15:00:57,659 - INFO - 
============================================================
2025-10-09 15:00:57,659 - INFO - Generating batch 32
2025-10-09 15:00:57,659 - INFO - Progress: 155/500 pairs
2025-10-09 15:00:57,659 - INFO - ============================================================

2025-10-09 15:01:24,523 - INFO - Sample - Q: Explain what a hash collision is and describe two common strategies for resolving it: Separate Chain...
2025-10-09 15:01:24,524 - INFO - Sample - A: A hash collision occurs when two distinct keys are mapped by a hash function to the same index in a hash table. Since two items cannot be stored in th...
2025-10-09 15:01:24,525 - INFO - Sample - Q: How would you implement Dijkstra's algorithm using a min-priority queue, and why is this more effici...
2025-10-09 15:01:24,525 - INFO - Sample - A: Dijkstra's algorithm finds the shortest paths from a source node to all other nodes in a weighted graph. A highly efficient implementation uses a min-...
2025-10-09 15:01:24,525 - INFO - Sample - Q: The classic recursive solution for calculating the nth Fibonacci number has O(2^n) time complexity d...
2025-10-09 15:01:24,525 - INFO - Sample - A: You can achieve this optimization using an iterative, bottom-up approach that only keeps track of the two most recent Fibonacci numbers. This avoids t...
2025-10-09 15:01:24,525 - INFO - Generated 5 unique pairs in this batch
2025-10-09 15:01:24,525 - INFO - Total progress: 160/500
2025-10-09 15:01:26,530 - INFO - 
============================================================
2025-10-09 15:01:26,531 - INFO - Generating batch 33
2025-10-09 15:01:26,531 - INFO - Progress: 160/500 pairs
2025-10-09 15:01:26,531 - INFO - ============================================================

2025-10-09 15:02:02,774 - INFO - Sample - Q: Explain what a hash collision is in the context of a hash table and describe the two primary collisi...
2025-10-09 15:02:02,775 - INFO - Sample - A: A hash collision occurs when two distinct keys are processed by a hash function and produce the same hash value, meaning they map to the same index (o...
2025-10-09 15:02:02,775 - INFO - Sample - Q: What is an efficient algorithm to find the k-th smallest element in a Binary Search Tree (BST)? Prov...
2025-10-09 15:02:02,775 - INFO - Sample - A: The most efficient standard algorithm to find the k-th smallest element in a BST is to use an in-order traversal, which visits nodes in ascending sort...
2025-10-09 15:02:02,775 - INFO - Generated 5 unique pairs in this batch
2025-10-09 15:02:02,775 - INFO - Total progress: 165/500
2025-10-09 15:02:04,781 - INFO - 
============================================================
2025-10-09 15:02:04,781 - INFO - Generating batch 34
2025-10-09 15:02:04,782 - INFO - Progress: 165/500 pairs
2025-10-09 15:02:04,782 - INFO - ============================================================

2025-10-09 15:02:29,699 - INFO - Sample - Q: How can you implement a queue using only two stacks, and what is the amortized time complexity of it...
2025-10-09 15:02:29,700 - INFO - Sample - A: A queue can be implemented using two stacks, let's call them `inputStack` and `outputStack`. The `enqueue` operation is simple: you just push the new ...
2025-10-09 15:02:29,700 - INFO - Sample - Q: Explain the concept of 'rotations' in self-balancing binary search trees like AVL trees. Why are the...
2025-10-09 15:02:29,700 - INFO - Sample - A: Tree rotations (specifically left and right rotations) are local transformations used in self-balancing binary search trees to restore balance after a...
2025-10-09 15:02:29,700 - INFO - Generated 5 unique pairs in this batch
2025-10-09 15:02:29,700 - INFO - Total progress: 170/500
2025-10-09 15:02:31,706 - INFO - 
============================================================
2025-10-09 15:02:31,706 - INFO - Generating batch 35
2025-10-09 15:02:31,706 - INFO - Progress: 170/500 pairs
2025-10-09 15:02:31,706 - INFO - ============================================================

2025-10-09 15:02:55,840 - INFO - Sample - Q: Explain the difference between linear probing and separate chaining for handling hash collisions in ...
2025-10-09 15:02:55,841 - INFO - Sample - A: Separate chaining and linear probing are two common strategies for resolving hash collisions. In separate chaining, each index in the hash table's und...
2025-10-09 15:02:55,841 - INFO - Sample - Q: When would you choose the A* search algorithm over Dijkstra's algorithm for finding the shortest pat...
2025-10-09 15:02:55,841 - INFO - Sample - A: You would choose A* (A-star) over Dijkstra's algorithm when you need to find the shortest path from a single source to a single, known destination, an...
2025-10-09 15:02:55,841 - INFO - Generated 5 unique pairs in this batch
2025-10-09 15:02:55,842 - INFO - Total progress: 175/500
2025-10-09 15:02:57,843 - INFO - 
============================================================
2025-10-09 15:02:57,843 - INFO - Generating batch 36
2025-10-09 15:02:57,843 - INFO - Progress: 175/500 pairs
2025-10-09 15:02:57,843 - INFO - ============================================================

2025-10-09 15:03:26,955 - INFO - Sample - Q: Under what specific circumstances is Linear Search a better choice than Binary Search, despite its O...
2025-10-09 15:03:26,955 - INFO - Sample - A: Linear Search is preferable to Binary Search in several key scenarios. The most critical is when the data is unsorted; Binary Search requires a sorted...
2025-10-09 15:03:26,955 - INFO - Sample - Q: Explain the concepts of 'Optimal Substructure' and 'Greedy Choice Property' and why both are necessa...
2025-10-09 15:03:26,955 - INFO - Sample - A: For a greedy algorithm to be correct, the problem must exhibit two properties: Optimal Substructure and the Greedy Choice Property. Optimal Substructu...
2025-10-09 15:03:26,956 - INFO - Sample - Q: Write a Python function to generate all valid combinations of parentheses for a given number N, usin...
2025-10-09 15:03:26,956 - INFO - Sample - A: This problem can be solved efficiently using backtracking by building a string and tracking the count of open and close parentheses. The state for eac...
2025-10-09 15:03:26,956 - INFO - Generated 5 unique pairs in this batch
2025-10-09 15:03:26,956 - INFO - Total progress: 180/500
2025-10-09 15:03:28,960 - INFO - 
============================================================
2025-10-09 15:03:28,960 - INFO - Generating batch 37
2025-10-09 15:03:28,960 - INFO - Progress: 180/500 pairs
2025-10-09 15:03:28,961 - INFO - ============================================================

2025-10-09 15:03:56,331 - INFO - Sample - Q: When implementing a backtracking algorithm to find all permutations of a set, how do you manage the ...
2025-10-09 15:03:56,333 - INFO - Sample - A: In a backtracking algorithm for permutations, state is managed using two key components: a temporary list to build the current permutation and a 'visi...
2025-10-09 15:03:56,333 - INFO - Sample - Q: Compare Quicksort and Mergesort, focusing specifically on their space complexity and stability. In w...
2025-10-09 15:03:56,333 - INFO - Sample - A: Mergesort is a stable sorting algorithm, meaning it preserves the relative order of equal elements, and it has a guaranteed O(n log n) time complexity...
2025-10-09 15:03:56,334 - INFO - Generated 5 unique pairs in this batch
2025-10-09 15:03:56,334 - INFO - Total progress: 185/500
2025-10-09 15:03:58,340 - INFO - 
============================================================
2025-10-09 15:03:58,341 - INFO - Generating batch 38
2025-10-09 15:03:58,341 - INFO - Progress: 185/500 pairs
2025-10-09 15:03:58,341 - INFO - ============================================================

2025-10-09 15:04:23,309 - INFO - Sample - Q: What is the practical difference between Big O, Big Omega, and Big Theta notation, and why is Big O ...
2025-10-09 15:04:23,310 - INFO - Sample - A: Big O (O) notation describes an algorithm's upper bound, representing its worst-case performance. Big Omega (Ω) describes the lower bound or best-case...
2025-10-09 15:04:23,310 - INFO - Sample - Q: Explain the concept of amortized analysis using the example of a dynamic array (like C++'s std::vect...
2025-10-09 15:04:23,311 - INFO - Sample - A: Amortized analysis is a method for analyzing an algorithm's complexity over a sequence of operations, averaging out the cost of expensive operations a...
2025-10-09 15:04:23,311 - INFO - Generated 5 unique pairs in this batch
2025-10-09 15:04:23,311 - INFO - Total progress: 190/500
2025-10-09 15:04:25,316 - INFO - 
============================================================
2025-10-09 15:04:25,316 - INFO - Generating batch 39
2025-10-09 15:04:25,317 - INFO - Progress: 190/500 pairs
2025-10-09 15:04:25,317 - INFO - ============================================================

2025-10-09 15:04:49,260 - INFO - Sample - Q: In C++, when would you prefer using `std::map` over `std::unordered_map`, and what are the underlyin...
2025-10-09 15:04:49,261 - INFO - Sample - A: `std::map` should be preferred over `std::unordered_map` when you require the elements to be sorted by key or when you need to perform range-based que...
2025-10-09 15:04:49,262 - INFO - Sample - Q: Explain the A* (A-star) search algorithm and how its use of a heuristic function makes it different ...
2025-10-09 15:04:49,262 - INFO - Sample - A: A* is a graph traversal and path-finding algorithm that finds the shortest path between a start and goal node. It prioritizes which path to explore us...
2025-10-09 15:04:49,262 - INFO - Generated 5 unique pairs in this batch
2025-10-09 15:04:49,263 - INFO - Total progress: 195/500
2025-10-09 15:04:51,269 - INFO - 
============================================================
2025-10-09 15:04:51,269 - INFO - Generating batch 40
2025-10-09 15:04:51,269 - INFO - Progress: 195/500 pairs
2025-10-09 15:04:51,269 - INFO - ============================================================

2025-10-09 15:05:16,161 - INFO - Sample - Q: Explain the purpose of the Longest Proper Prefix Suffix (LPS) array in the Knuth-Morris-Pratt (KMP) ...
2025-10-09 15:05:16,163 - INFO - Sample - A: The LPS array, also known as a failure function, is the core optimization in the KMP algorithm that enables linear time string matching. For a given p...
2025-10-09 15:05:16,163 - INFO - Sample - Q: What is a skip list, and what are its primary advantages over a balanced binary search tree like an ...
2025-10-09 15:05:16,163 - INFO - Sample - A: A skip list is a probabilistic data structure that uses multiple layers of linked lists to allow for fast search, insertion, and deletion operations, ...
2025-10-09 15:05:16,163 - INFO - Sample - Q: How would you efficiently find the 'k' largest elements in an unsorted array of size 'n'? Explain wh...
2025-10-09 15:05:16,163 - INFO - Sample - A: The most efficient method to find the 'k' largest elements is to use a min-heap of size 'k'. Iterate through the array: for each element, if the heap ...
2025-10-09 15:05:16,163 - INFO - Generated 5 unique pairs in this batch
2025-10-09 15:05:16,163 - INFO - Total progress: 200/500
2025-10-09 15:05:18,170 - INFO - 
============================================================
2025-10-09 15:05:18,170 - INFO - Generating batch 41
2025-10-09 15:05:18,170 - INFO - Progress: 200/500 pairs
2025-10-09 15:05:18,170 - INFO - ============================================================

2025-10-09 15:05:43,907 - INFO - Sample - Q: In what specific application scenarios would an AVL tree be a better choice than a Red-Black tree, a...
2025-10-09 15:05:43,909 - INFO - Sample - A: An AVL tree is a better choice than a Red-Black tree in read-heavy applications where insertions and deletions are relatively infrequent. This is beca...
2025-10-09 15:05:43,909 - INFO - Sample - Q: How would you design an algorithm to find the k-th largest element in a continuous stream of numbers...
2025-10-09 15:05:43,909 - INFO - Sample - A: The most efficient method is to use a Min-Heap (a type of priority queue) with a fixed size of 'k'. For each new number arriving from the stream, comp...
2025-10-09 15:05:43,909 - INFO - Generated 5 unique pairs in this batch
2025-10-09 15:05:43,909 - INFO - Total progress: 205/500
2025-10-09 15:05:45,914 - INFO - 
============================================================
2025-10-09 15:05:45,914 - INFO - Generating batch 42
2025-10-09 15:05:45,914 - INFO - Progress: 205/500 pairs
2025-10-09 15:05:45,914 - INFO - ============================================================

2025-10-09 15:06:09,191 - INFO - Sample - Q: When solving an optimization problem, how do you decide between a Greedy algorithm and Dynamic Progr...
2025-10-09 15:06:09,191 - INFO - Sample - A: The choice between a Greedy algorithm and Dynamic Programming (DP) hinges on whether the problem exhibits the 'greedy-choice property'. A problem has ...
2025-10-09 15:06:09,191 - INFO - Sample - Q: Explain the two main phases of the in-place Heapsort algorithm. Why is it an unstable sort, and what...
2025-10-09 15:06:09,191 - INFO - Sample - A: Heapsort is an in-place comparison-based sorting algorithm that operates in two phases. The first phase is 'heapify,' where the input array is rearran...
2025-10-09 15:06:09,192 - INFO - Generated 5 unique pairs in this batch
2025-10-09 15:06:09,192 - INFO - Total progress: 210/500
2025-10-09 15:06:11,201 - INFO - 
============================================================
2025-10-09 15:06:11,223 - INFO - Generating batch 43
2025-10-09 15:06:11,224 - INFO - Progress: 210/500 pairs
2025-10-09 15:06:11,226 - INFO - ============================================================

2025-10-09 15:06:46,734 - INFO - Sample - Q: Explain the key differences between memoization (top-down) and tabulation (bottom-up) in dynamic pro...
2025-10-09 15:06:46,736 - INFO - Sample - A: Memoization and tabulation are two methods for implementing dynamic programming solutions. Memoization is a top-down approach that uses recursion. It ...
2025-10-09 15:06:46,736 - INFO - Sample - Q: What two properties must a problem exhibit to be solvable by a greedy algorithm? Explain how to use ...
2025-10-09 15:06:46,736 - INFO - Sample - A: For a problem to be solvable by a greedy algorithm, it must possess two key properties: the Greedy Choice Property and Optimal Substructure. The Greed...
2025-10-09 15:06:46,736 - INFO - Generated 5 unique pairs in this batch
2025-10-09 15:06:46,736 - INFO - Total progress: 215/500
2025-10-09 15:06:48,740 - INFO - 
============================================================
2025-10-09 15:06:48,741 - INFO - Generating batch 44
2025-10-09 15:06:48,741 - INFO - Progress: 215/500 pairs
2025-10-09 15:06:48,741 - INFO - ============================================================

2025-10-09 15:07:15,162 - INFO - Sample - Q: Merge Sort is a stable sorting algorithm, while the standard implementation of Quicksort is not. Exp...
2025-10-09 15:07:15,164 - INFO - Sample - A: Stability in a sorting algorithm means that two elements with equal keys appear in the same relative order in the sorted output as they did in the inp...
2025-10-09 15:07:15,164 - INFO - Sample - Q: Analyze the time and space complexity of a recursive algorithm that generates all permutations of a ...
2025-10-09 15:07:15,164 - INFO - Sample - A: The time complexity is O(n × n!). This can be understood by analyzing the recursion tree. The tree has n! leaf nodes, each representing a unique permu...
2025-10-09 15:07:15,164 - INFO - Sample - Q: Dijkstra's algorithm is an efficient single-source shortest path algorithm. Why, then, is the Bellma...
2025-10-09 15:07:15,164 - INFO - Sample - A: Dijkstra's algorithm cannot handle graphs with negative-weight edges because its core greedy assumption—that once we visit a vertex, we have found its...
2025-10-09 15:07:15,164 - INFO - Generated 5 unique pairs in this batch
2025-10-09 15:07:15,164 - INFO - Total progress: 220/500
2025-10-09 15:07:17,168 - INFO - 
============================================================
2025-10-09 15:07:17,169 - INFO - Generating batch 45
2025-10-09 15:07:17,169 - INFO - Progress: 220/500 pairs
2025-10-09 15:07:17,169 - INFO - ============================================================

2025-10-09 15:07:49,260 - INFO - Sample - Q: Explain the concept of amortized analysis using the example of a dynamic array's append operation. W...
2025-10-09 15:07:49,262 - INFO - Sample - A: Amortized analysis provides an average cost for a sequence of operations, 'smoothing out' the impact of infrequent but expensive operations. In a dyna...
2025-10-09 15:07:49,262 - INFO - Sample - Q: What are the key differences between Dijkstra's algorithm and the Bellman-Ford algorithm for finding...
2025-10-09 15:07:49,262 - INFO - Sample - A: The primary difference lies in their ability to handle negative edge weights. Dijkstra's algorithm uses a greedy approach, always selecting the unvisi...
2025-10-09 15:07:49,262 - INFO - Generated 5 unique pairs in this batch
2025-10-09 15:07:49,262 - INFO - Total progress: 225/500
2025-10-09 15:07:51,269 - INFO - 
============================================================
2025-10-09 15:07:51,269 - INFO - Generating batch 46
2025-10-09 15:07:51,269 - INFO - Progress: 225/500 pairs
2025-10-09 15:07:51,269 - INFO - ============================================================

2025-10-09 15:08:13,832 - INFO - Sample - Q: Explain the key differences between an Array and a Linked List concerning memory layout and the perf...
2025-10-09 15:08:13,833 - INFO - Sample - A: The primary difference lies in their memory allocation. An array stores elements in a contiguous block of memory, which allows for O(1) random access ...
2025-10-09 15:08:13,833 - INFO - Sample - Q: Compare and contrast adjacency lists and adjacency matrices for representing graphs. When is one a b...
2025-10-09 15:08:13,833 - INFO - Sample - A: An adjacency matrix represents a graph as a V x V matrix of booleans (or weights), where `matrix[i][j]` is true if an edge exists from vertex i to ver...
2025-10-09 15:08:13,833 - INFO - Generated 5 unique pairs in this batch
2025-10-09 15:08:13,834 - INFO - Total progress: 230/500
2025-10-09 15:08:15,838 - INFO - 
============================================================
2025-10-09 15:08:15,838 - INFO - Generating batch 47
2025-10-09 15:08:15,838 - INFO - Progress: 230/500 pairs
2025-10-09 15:08:15,838 - INFO - ============================================================

2025-10-09 15:08:42,393 - INFO - Sample - Q: How do you efficiently reverse a doubly linked list in-place, and what is its time and space complex...
2025-10-09 15:08:42,394 - INFO - Sample - A: To reverse a doubly linked list in-place, you iterate through the list, swapping the `next` and `prev` pointers for each node. A temporary pointer is ...
2025-10-09 15:08:42,395 - INFO - Sample - Q: In practical scenarios, why is a Red-Black Tree often preferred over an AVL Tree, despite AVL trees ...
2025-10-09 15:08:42,395 - INFO - Sample - A: The primary reason for preferring a Red-Black Tree over an AVL Tree in write-heavy applications lies in the performance of insertion and deletion oper...
2025-10-09 15:08:42,395 - INFO - Generated 4 unique pairs in this batch
2025-10-09 15:08:42,395 - INFO - Duplicates skipped so far: 1
2025-10-09 15:08:42,395 - INFO - Total progress: 234/500
2025-10-09 15:08:44,398 - INFO - 
============================================================
2025-10-09 15:08:44,398 - INFO - Generating batch 48
2025-10-09 15:08:44,398 - INFO - Progress: 234/500 pairs
2025-10-09 15:08:44,398 - INFO - ============================================================

2025-10-09 15:09:11,161 - INFO - Sample - Q: Explain the 'heapify' process. Why is building a heap using the bottom-up heapify approach (starting...
2025-10-09 15:09:11,163 - INFO - Sample - A: The 'heapify' process, specifically the bottom-up `buildHeap` algorithm, constructs a valid max-heap or min-heap from an unordered array. It works by ...
2025-10-09 15:09:11,163 - INFO - Sample - Q: What is 'load factor' in the context of a hash table, and how does it trigger a 'rehash' operation? ...
2025-10-09 15:09:11,163 - INFO - Sample - A: The load factor of a hash table is the ratio of the number of stored elements to the number of available buckets or slots (i.e., `load_factor = n / m`...
2025-10-09 15:09:11,164 - INFO - Generated 5 unique pairs in this batch
2025-10-09 15:09:11,164 - INFO - Duplicates skipped so far: 1
2025-10-09 15:09:11,165 - INFO - Total progress: 239/500
2025-10-09 15:09:13,171 - INFO - 
============================================================
2025-10-09 15:09:13,172 - INFO - Generating batch 49
2025-10-09 15:09:13,172 - INFO - Progress: 239/500 pairs
2025-10-09 15:09:13,172 - INFO - ============================================================

2025-10-09 15:09:36,857 - INFO - Sample - Q: What is the difference between an in-place and an out-of-place sorting algorithm, and why might an o...
2025-10-09 15:09:36,857 - INFO - Sample - A: An in-place sorting algorithm modifies the input array directly without requiring significant additional memory, typically using only O(1) or O(log n)...
2025-10-09 15:09:36,857 - INFO - Sample - Q: How would you modify the standard Binary Search algorithm to find the first occurrence of a target e...
2025-10-09 15:09:36,858 - INFO - Sample - A: To find the first occurrence, the standard binary search must be adjusted. When the middle element `arr[mid]` equals the target, you can't simply retu...
2025-10-09 15:09:36,858 - INFO - Generated 5 unique pairs in this batch
2025-10-09 15:09:36,858 - INFO - Duplicates skipped so far: 1
2025-10-09 15:09:36,858 - INFO - Total progress: 244/500
2025-10-09 15:09:38,866 - INFO - 
============================================================
2025-10-09 15:09:38,867 - INFO - Generating batch 50
2025-10-09 15:09:38,867 - INFO - Progress: 244/500 pairs
2025-10-09 15:09:38,867 - INFO - ============================================================

2025-10-09 15:10:07,834 - INFO - Sample - Q: Explain why a greedy algorithm for the coin change problem (always taking the largest denomination c...
2025-10-09 15:10:07,835 - INFO - Sample - A: A greedy approach to the coin change problem is only optimal if the coin system is canonical, meaning the greedy choice is always part of an optimal s...
2025-10-09 15:10:07,835 - INFO - Sample - Q: What is the fundamental difference between a simple recursive function, like calculating a factorial...
2025-10-09 15:10:07,835 - INFO - Sample - A: The fundamental difference lies in exploration and commitment to choices. A simple recursive function breaks a problem into smaller, independent subpr...
2025-10-09 15:10:07,835 - INFO - Generated 5 unique pairs in this batch
2025-10-09 15:10:07,835 - INFO - Duplicates skipped so far: 1
2025-10-09 15:10:07,835 - INFO - Total progress: 249/500
2025-10-09 15:10:09,837 - INFO - 
============================================================
2025-10-09 15:10:09,837 - INFO - Generating batch 51
2025-10-09 15:10:09,837 - INFO - Progress: 249/500 pairs
2025-10-09 15:10:09,837 - INFO - ============================================================

2025-10-09 15:10:09,943 - ERROR - Error generating pairs for batch 51: 429 You exceeded your current quota, please check your plan and billing details. For more information on this error, head to: https://ai.google.dev/gemini-api/docs/rate-limits.
* Quota exceeded for metric: generativelanguage.googleapis.com/generate_content_free_tier_requests, limit: 50
Please retry in 50.042590612s. [violations {
}
, links {
  description: "Learn more about Gemini API quotas"
  url: "https://ai.google.dev/gemini-api/docs/rate-limits"
}
, retry_delay {
  seconds: 50
}
]
2025-10-09 15:10:09,943 - INFO - Generated 0 unique pairs in this batch
2025-10-09 15:10:09,943 - INFO - Duplicates skipped so far: 1
2025-10-09 15:10:09,943 - INFO - Total progress: 249/500
2025-10-09 15:10:11,949 - INFO - 
============================================================
2025-10-09 15:10:11,949 - INFO - Generating batch 52
2025-10-09 15:10:11,949 - INFO - Progress: 249/500 pairs
2025-10-09 15:10:11,949 - INFO - ============================================================

2025-10-09 15:10:12,049 - ERROR - Error generating pairs for batch 52: 429 You exceeded your current quota, please check your plan and billing details. For more information on this error, head to: https://ai.google.dev/gemini-api/docs/rate-limits.
* Quota exceeded for metric: generativelanguage.googleapis.com/generate_content_free_tier_requests, limit: 50
Please retry in 47.925118265s. [violations {
}
, links {
  description: "Learn more about Gemini API quotas"
  url: "https://ai.google.dev/gemini-api/docs/rate-limits"
}
, retry_delay {
  seconds: 47
}
]
2025-10-09 15:10:12,049 - INFO - Generated 0 unique pairs in this batch
2025-10-09 15:10:12,049 - INFO - Duplicates skipped so far: 1
2025-10-09 15:10:12,049 - INFO - Total progress: 249/500
2025-10-09 15:10:14,053 - INFO - 
============================================================
2025-10-09 15:10:14,054 - INFO - Generating batch 53
2025-10-09 15:10:14,054 - INFO - Progress: 249/500 pairs
2025-10-09 15:10:14,054 - INFO - ============================================================

2025-10-09 15:10:14,154 - ERROR - Error generating pairs for batch 53: 429 You exceeded your current quota, please check your plan and billing details. For more information on this error, head to: https://ai.google.dev/gemini-api/docs/rate-limits.
* Quota exceeded for metric: generativelanguage.googleapis.com/generate_content_free_tier_requests, limit: 50
Please retry in 45.817426603s. [violations {
}
, links {
  description: "Learn more about Gemini API quotas"
  url: "https://ai.google.dev/gemini-api/docs/rate-limits"
}
, retry_delay {
  seconds: 45
}
]
2025-10-09 15:10:14,154 - INFO - Generated 0 unique pairs in this batch
2025-10-09 15:10:14,154 - INFO - Duplicates skipped so far: 1
2025-10-09 15:10:14,154 - INFO - Total progress: 249/500
2025-10-09 15:10:16,158 - INFO - 
============================================================
2025-10-09 15:10:16,158 - INFO - Generating batch 54
2025-10-09 15:10:16,159 - INFO - Progress: 249/500 pairs
2025-10-09 15:10:16,159 - INFO - ============================================================

2025-10-09 15:10:16,252 - ERROR - Error generating pairs for batch 54: 429 You exceeded your current quota, please check your plan and billing details. For more information on this error, head to: https://ai.google.dev/gemini-api/docs/rate-limits.
* Quota exceeded for metric: generativelanguage.googleapis.com/generate_content_free_tier_requests, limit: 50
Please retry in 43.721011983s. [violations {
}
, links {
  description: "Learn more about Gemini API quotas"
  url: "https://ai.google.dev/gemini-api/docs/rate-limits"
}
, retry_delay {
  seconds: 43
}
]
2025-10-09 15:10:16,252 - INFO - Generated 0 unique pairs in this batch
2025-10-09 15:10:16,252 - INFO - Duplicates skipped so far: 1
2025-10-09 15:10:16,253 - INFO - Total progress: 249/500
2025-10-09 15:10:18,254 - INFO - 
============================================================
2025-10-09 15:10:18,255 - INFO - Generating batch 55
2025-10-09 15:10:18,255 - INFO - Progress: 249/500 pairs
2025-10-09 15:10:18,255 - INFO - ============================================================

2025-10-09 15:10:18,351 - ERROR - Error generating pairs for batch 55: 429 You exceeded your current quota, please check your plan and billing details. For more information on this error, head to: https://ai.google.dev/gemini-api/docs/rate-limits.
* Quota exceeded for metric: generativelanguage.googleapis.com/generate_content_free_tier_requests, limit: 50
Please retry in 41.622520465s. [violations {
}
, links {
  description: "Learn more about Gemini API quotas"
  url: "https://ai.google.dev/gemini-api/docs/rate-limits"
}
, retry_delay {
  seconds: 41
}
]
2025-10-09 15:10:18,351 - INFO - Generated 0 unique pairs in this batch
2025-10-09 15:10:18,352 - INFO - Duplicates skipped so far: 1
2025-10-09 15:10:18,352 - INFO - Total progress: 249/500
2025-10-09 15:10:20,354 - INFO - 
============================================================
2025-10-09 15:10:20,354 - INFO - Generating batch 56
2025-10-09 15:10:20,354 - INFO - Progress: 249/500 pairs
2025-10-09 15:10:20,355 - INFO - ============================================================

2025-10-09 15:10:20,451 - ERROR - Error generating pairs for batch 56: 429 You exceeded your current quota, please check your plan and billing details. For more information on this error, head to: https://ai.google.dev/gemini-api/docs/rate-limits.
* Quota exceeded for metric: generativelanguage.googleapis.com/generate_content_free_tier_requests, limit: 50
Please retry in 39.52412156s. [violations {
}
, links {
  description: "Learn more about Gemini API quotas"
  url: "https://ai.google.dev/gemini-api/docs/rate-limits"
}
, retry_delay {
  seconds: 39
}
]
2025-10-09 15:10:20,451 - INFO - Generated 0 unique pairs in this batch
2025-10-09 15:10:20,451 - INFO - Duplicates skipped so far: 1
2025-10-09 15:10:20,451 - INFO - Total progress: 249/500
2025-10-09 15:10:22,457 - INFO - 
============================================================
2025-10-09 15:10:22,457 - INFO - Generating batch 57
2025-10-09 15:10:22,457 - INFO - Progress: 249/500 pairs
2025-10-09 15:10:22,458 - INFO - ============================================================

2025-10-09 15:10:22,546 - ERROR - Error generating pairs for batch 57: 429 You exceeded your current quota, please check your plan and billing details. For more information on this error, head to: https://ai.google.dev/gemini-api/docs/rate-limits.
* Quota exceeded for metric: generativelanguage.googleapis.com/generate_content_free_tier_requests, limit: 50
Please retry in 37.427457259s. [violations {
}
, links {
  description: "Learn more about Gemini API quotas"
  url: "https://ai.google.dev/gemini-api/docs/rate-limits"
}
, retry_delay {
  seconds: 37
}
]
2025-10-09 15:10:22,547 - INFO - Generated 0 unique pairs in this batch
2025-10-09 15:10:22,547 - INFO - Duplicates skipped so far: 1
2025-10-09 15:10:22,547 - INFO - Total progress: 249/500
2025-10-09 15:10:24,550 - INFO - 
============================================================
2025-10-09 15:10:24,551 - INFO - Generating batch 58
2025-10-09 15:10:24,551 - INFO - Progress: 249/500 pairs
2025-10-09 15:10:24,551 - INFO - ============================================================

2025-10-09 15:10:24,650 - ERROR - Error generating pairs for batch 58: 429 You exceeded your current quota, please check your plan and billing details. For more information on this error, head to: https://ai.google.dev/gemini-api/docs/rate-limits.
* Quota exceeded for metric: generativelanguage.googleapis.com/generate_content_free_tier_requests, limit: 50
Please retry in 35.32369554s. [violations {
}
, links {
  description: "Learn more about Gemini API quotas"
  url: "https://ai.google.dev/gemini-api/docs/rate-limits"
}
, retry_delay {
  seconds: 35
}
]
2025-10-09 15:10:24,650 - INFO - Generated 0 unique pairs in this batch
2025-10-09 15:10:24,650 - INFO - Duplicates skipped so far: 1
2025-10-09 15:10:24,650 - INFO - Total progress: 249/500
2025-10-09 15:10:26,652 - INFO - 
============================================================
2025-10-09 15:10:26,652 - INFO - Generating batch 59
2025-10-09 15:10:26,652 - INFO - Progress: 249/500 pairs
2025-10-09 15:10:26,652 - INFO - ============================================================

2025-10-09 15:10:26,736 - ERROR - Error generating pairs for batch 59: 429 You exceeded your current quota, please check your plan and billing details. For more information on this error, head to: https://ai.google.dev/gemini-api/docs/rate-limits.
* Quota exceeded for metric: generativelanguage.googleapis.com/generate_content_free_tier_requests, limit: 50
Please retry in 33.232989372s. [violations {
}
, links {
  description: "Learn more about Gemini API quotas"
  url: "https://ai.google.dev/gemini-api/docs/rate-limits"
}
, retry_delay {
  seconds: 33
}
]
2025-10-09 15:10:26,736 - INFO - Generated 0 unique pairs in this batch
2025-10-09 15:10:26,736 - INFO - Duplicates skipped so far: 1
2025-10-09 15:10:26,736 - INFO - Total progress: 249/500
2025-10-09 15:10:28,741 - INFO - 
============================================================
2025-10-09 15:10:28,742 - INFO - Generating batch 60
2025-10-09 15:10:28,742 - INFO - Progress: 249/500 pairs
2025-10-09 15:10:28,742 - INFO - ============================================================

2025-10-09 15:10:28,841 - ERROR - Error generating pairs for batch 60: 429 You exceeded your current quota, please check your plan and billing details. For more information on this error, head to: https://ai.google.dev/gemini-api/docs/rate-limits.
* Quota exceeded for metric: generativelanguage.googleapis.com/generate_content_free_tier_requests, limit: 50
Please retry in 31.147557606s. [violations {
}
, links {
  description: "Learn more about Gemini API quotas"
  url: "https://ai.google.dev/gemini-api/docs/rate-limits"
}
, retry_delay {
  seconds: 31
}
]
2025-10-09 15:10:28,841 - INFO - Generated 0 unique pairs in this batch
2025-10-09 15:10:28,841 - INFO - Duplicates skipped so far: 1
2025-10-09 15:10:28,842 - INFO - Total progress: 249/500
2025-10-09 15:10:30,848 - INFO - 
============================================================
2025-10-09 15:10:30,848 - INFO - Generating batch 61
2025-10-09 15:10:30,848 - INFO - Progress: 249/500 pairs
2025-10-09 15:10:30,849 - INFO - ============================================================

2025-10-09 15:10:30,939 - ERROR - Error generating pairs for batch 61: 429 You exceeded your current quota, please check your plan and billing details. For more information on this error, head to: https://ai.google.dev/gemini-api/docs/rate-limits.
* Quota exceeded for metric: generativelanguage.googleapis.com/generate_content_free_tier_requests, limit: 50
Please retry in 29.033006069s. [violations {
}
, links {
  description: "Learn more about Gemini API quotas"
  url: "https://ai.google.dev/gemini-api/docs/rate-limits"
}
, retry_delay {
  seconds: 29
}
]
2025-10-09 15:10:30,940 - INFO - Generated 0 unique pairs in this batch
2025-10-09 15:10:30,940 - INFO - Duplicates skipped so far: 1
2025-10-09 15:10:30,940 - INFO - Total progress: 249/500
2025-10-09 15:10:32,943 - INFO - 
============================================================
2025-10-09 15:10:32,944 - INFO - Generating batch 62
2025-10-09 15:10:32,944 - INFO - Progress: 249/500 pairs
2025-10-09 15:10:32,944 - INFO - ============================================================

2025-10-09 15:10:33,030 - ERROR - Error generating pairs for batch 62: 429 You exceeded your current quota, please check your plan and billing details. For more information on this error, head to: https://ai.google.dev/gemini-api/docs/rate-limits.
* Quota exceeded for metric: generativelanguage.googleapis.com/generate_content_free_tier_requests, limit: 50
Please retry in 26.940703057s. [violations {
}
, links {
  description: "Learn more about Gemini API quotas"
  url: "https://ai.google.dev/gemini-api/docs/rate-limits"
}
, retry_delay {
  seconds: 26
}
]
2025-10-09 15:10:33,031 - INFO - Generated 0 unique pairs in this batch
2025-10-09 15:10:33,031 - INFO - Duplicates skipped so far: 1
2025-10-09 15:10:33,031 - INFO - Total progress: 249/500
2025-10-09 15:10:35,037 - INFO - 
============================================================
2025-10-09 15:10:35,037 - INFO - Generating batch 63
2025-10-09 15:10:35,037 - INFO - Progress: 249/500 pairs
2025-10-09 15:10:35,037 - INFO - ============================================================

2025-10-09 15:10:35,126 - ERROR - Error generating pairs for batch 63: 429 You exceeded your current quota, please check your plan and billing details. For more information on this error, head to: https://ai.google.dev/gemini-api/docs/rate-limits.
* Quota exceeded for metric: generativelanguage.googleapis.com/generate_content_free_tier_requests, limit: 50
Please retry in 24.856901083s. [violations {
}
, links {
  description: "Learn more about Gemini API quotas"
  url: "https://ai.google.dev/gemini-api/docs/rate-limits"
}
, retry_delay {
  seconds: 24
}
]
2025-10-09 15:10:35,126 - INFO - Generated 0 unique pairs in this batch
2025-10-09 15:10:35,127 - INFO - Duplicates skipped so far: 1
2025-10-09 15:10:35,127 - INFO - Total progress: 249/500
2025-10-09 15:10:37,133 - INFO - 
============================================================
2025-10-09 15:10:37,133 - INFO - Generating batch 64
2025-10-09 15:10:37,133 - INFO - Progress: 249/500 pairs
2025-10-09 15:10:37,133 - INFO - ============================================================

2025-10-09 15:10:37,219 - ERROR - Error generating pairs for batch 64: 429 You exceeded your current quota, please check your plan and billing details. For more information on this error, head to: https://ai.google.dev/gemini-api/docs/rate-limits.
* Quota exceeded for metric: generativelanguage.googleapis.com/generate_content_free_tier_requests, limit: 50
Please retry in 22.755329816s. [violations {
}
, links {
  description: "Learn more about Gemini API quotas"
  url: "https://ai.google.dev/gemini-api/docs/rate-limits"
}
, retry_delay {
  seconds: 22
}
]
2025-10-09 15:10:37,219 - INFO - Generated 0 unique pairs in this batch
2025-10-09 15:10:37,219 - INFO - Duplicates skipped so far: 1
2025-10-09 15:10:37,219 - INFO - Total progress: 249/500
2025-10-09 15:10:39,224 - INFO - 
============================================================
2025-10-09 15:10:39,224 - INFO - Generating batch 65
2025-10-09 15:10:39,224 - INFO - Progress: 249/500 pairs
2025-10-09 15:10:39,224 - INFO - ============================================================

2025-10-09 15:10:39,305 - ERROR - Error generating pairs for batch 65: 429 You exceeded your current quota, please check your plan and billing details. For more information on this error, head to: https://ai.google.dev/gemini-api/docs/rate-limits.
* Quota exceeded for metric: generativelanguage.googleapis.com/generate_content_free_tier_requests, limit: 50
Please retry in 20.667799667s. [violations {
}
, links {
  description: "Learn more about Gemini API quotas"
  url: "https://ai.google.dev/gemini-api/docs/rate-limits"
}
, retry_delay {
  seconds: 20
}
]
2025-10-09 15:10:39,306 - INFO - Generated 0 unique pairs in this batch
2025-10-09 15:10:39,306 - INFO - Duplicates skipped so far: 1
2025-10-09 15:10:39,306 - INFO - Total progress: 249/500
2025-10-09 15:10:41,310 - INFO - 
============================================================
2025-10-09 15:10:41,311 - INFO - Generating batch 66
2025-10-09 15:10:41,311 - INFO - Progress: 249/500 pairs
2025-10-09 15:10:41,311 - INFO - ============================================================

2025-10-09 15:10:41,401 - ERROR - Error generating pairs for batch 66: 429 You exceeded your current quota, please check your plan and billing details. For more information on this error, head to: https://ai.google.dev/gemini-api/docs/rate-limits.
* Quota exceeded for metric: generativelanguage.googleapis.com/generate_content_free_tier_requests, limit: 50
Please retry in 18.574246474s. [violations {
}
, links {
  description: "Learn more about Gemini API quotas"
  url: "https://ai.google.dev/gemini-api/docs/rate-limits"
}
, retry_delay {
  seconds: 18
}
]
2025-10-09 15:10:41,401 - INFO - Generated 0 unique pairs in this batch
2025-10-09 15:10:41,401 - INFO - Duplicates skipped so far: 1
2025-10-09 15:10:41,401 - INFO - Total progress: 249/500
2025-10-09 15:10:43,407 - INFO - 
============================================================
2025-10-09 15:10:43,408 - INFO - Generating batch 67
2025-10-09 15:10:43,408 - INFO - Progress: 249/500 pairs
2025-10-09 15:10:43,408 - INFO - ============================================================

2025-10-09 15:10:43,503 - ERROR - Error generating pairs for batch 67: 429 You exceeded your current quota, please check your plan and billing details. For more information on this error, head to: https://ai.google.dev/gemini-api/docs/rate-limits.
* Quota exceeded for metric: generativelanguage.googleapis.com/generate_content_free_tier_requests, limit: 50
Please retry in 16.471892912s. [violations {
}
, links {
  description: "Learn more about Gemini API quotas"
  url: "https://ai.google.dev/gemini-api/docs/rate-limits"
}
, retry_delay {
  seconds: 16
}
]
2025-10-09 15:10:43,503 - INFO - Generated 0 unique pairs in this batch
2025-10-09 15:10:43,503 - INFO - Duplicates skipped so far: 1
2025-10-09 15:10:43,503 - INFO - Total progress: 249/500
2025-10-09 15:10:45,509 - INFO - 
============================================================
2025-10-09 15:10:45,510 - INFO - Generating batch 68
2025-10-09 15:10:45,510 - INFO - Progress: 249/500 pairs
2025-10-09 15:10:45,510 - INFO - ============================================================

2025-10-09 15:10:45,592 - ERROR - Error generating pairs for batch 68: 429 You exceeded your current quota, please check your plan and billing details. For more information on this error, head to: https://ai.google.dev/gemini-api/docs/rate-limits.
* Quota exceeded for metric: generativelanguage.googleapis.com/generate_content_free_tier_requests, limit: 50
Please retry in 14.383613584s. [violations {
}
, links {
  description: "Learn more about Gemini API quotas"
  url: "https://ai.google.dev/gemini-api/docs/rate-limits"
}
, retry_delay {
  seconds: 14
}
]
2025-10-09 15:10:45,593 - INFO - Generated 0 unique pairs in this batch
2025-10-09 15:10:45,593 - INFO - Duplicates skipped so far: 1
2025-10-09 15:10:45,593 - INFO - Total progress: 249/500
2025-10-09 15:10:47,595 - INFO - 
============================================================
2025-10-09 15:10:47,596 - INFO - Generating batch 69
2025-10-09 15:10:47,596 - INFO - Progress: 249/500 pairs
2025-10-09 15:10:47,596 - INFO - ============================================================

2025-10-09 15:10:47,679 - ERROR - Error generating pairs for batch 69: 429 You exceeded your current quota, please check your plan and billing details. For more information on this error, head to: https://ai.google.dev/gemini-api/docs/rate-limits.
* Quota exceeded for metric: generativelanguage.googleapis.com/generate_content_free_tier_requests, limit: 50
Please retry in 12.294567274s. [violations {
}
, links {
  description: "Learn more about Gemini API quotas"
  url: "https://ai.google.dev/gemini-api/docs/rate-limits"
}
, retry_delay {
  seconds: 12
}
]
2025-10-09 15:10:47,680 - INFO - Generated 0 unique pairs in this batch
2025-10-09 15:10:47,680 - INFO - Duplicates skipped so far: 1
2025-10-09 15:10:47,680 - INFO - Total progress: 249/500
2025-10-09 15:10:49,686 - INFO - 
============================================================
2025-10-09 15:10:49,687 - INFO - Generating batch 70
2025-10-09 15:10:49,687 - INFO - Progress: 249/500 pairs
2025-10-09 15:10:49,687 - INFO - ============================================================

2025-10-09 15:10:49,777 - ERROR - Error generating pairs for batch 70: 429 You exceeded your current quota, please check your plan and billing details. For more information on this error, head to: https://ai.google.dev/gemini-api/docs/rate-limits.
* Quota exceeded for metric: generativelanguage.googleapis.com/generate_content_free_tier_requests, limit: 50
Please retry in 10.196106009s. [violations {
}
, links {
  description: "Learn more about Gemini API quotas"
  url: "https://ai.google.dev/gemini-api/docs/rate-limits"
}
, retry_delay {
  seconds: 10
}
]
2025-10-09 15:10:49,777 - INFO - Generated 0 unique pairs in this batch
2025-10-09 15:10:49,777 - INFO - Duplicates skipped so far: 1
2025-10-09 15:10:49,777 - INFO - Total progress: 249/500
2025-10-09 15:10:51,780 - INFO - 
============================================================
2025-10-09 15:10:51,781 - INFO - Generating batch 71
2025-10-09 15:10:51,781 - INFO - Progress: 249/500 pairs
2025-10-09 15:10:51,781 - INFO - ============================================================

2025-10-09 15:10:51,872 - ERROR - Error generating pairs for batch 71: 429 You exceeded your current quota, please check your plan and billing details. For more information on this error, head to: https://ai.google.dev/gemini-api/docs/rate-limits.
* Quota exceeded for metric: generativelanguage.googleapis.com/generate_content_free_tier_requests, limit: 50
Please retry in 8.099543822s. [violations {
}
, links {
  description: "Learn more about Gemini API quotas"
  url: "https://ai.google.dev/gemini-api/docs/rate-limits"
}
, retry_delay {
  seconds: 8
}
]
2025-10-09 15:10:51,873 - INFO - Generated 0 unique pairs in this batch
2025-10-09 15:10:51,873 - INFO - Duplicates skipped so far: 1
2025-10-09 15:10:51,873 - INFO - Total progress: 249/500
2025-10-09 15:10:53,875 - INFO - 
============================================================
2025-10-09 15:10:53,876 - INFO - Generating batch 72
2025-10-09 15:10:53,876 - INFO - Progress: 249/500 pairs
2025-10-09 15:10:53,876 - INFO - ============================================================

2025-10-09 15:10:54,002 - ERROR - Error generating pairs for batch 72: 429 You exceeded your current quota, please check your plan and billing details. For more information on this error, head to: https://ai.google.dev/gemini-api/docs/rate-limits.
* Quota exceeded for metric: generativelanguage.googleapis.com/generate_content_free_tier_requests, limit: 50
Please retry in 5.970415393s. [violations {
}
, links {
  description: "Learn more about Gemini API quotas"
  url: "https://ai.google.dev/gemini-api/docs/rate-limits"
}
, retry_delay {
  seconds: 5
}
]
2025-10-09 15:10:54,002 - INFO - Generated 0 unique pairs in this batch
2025-10-09 15:10:54,002 - INFO - Duplicates skipped so far: 1
2025-10-09 15:10:54,002 - INFO - Total progress: 249/500
2025-10-09 15:10:56,003 - INFO - 
============================================================
2025-10-09 15:10:56,004 - INFO - Generating batch 73
2025-10-09 15:10:56,004 - INFO - Progress: 249/500 pairs
2025-10-09 15:10:56,004 - INFO - ============================================================

2025-10-09 15:10:56,091 - ERROR - Error generating pairs for batch 73: 429 You exceeded your current quota, please check your plan and billing details. For more information on this error, head to: https://ai.google.dev/gemini-api/docs/rate-limits.
* Quota exceeded for metric: generativelanguage.googleapis.com/generate_content_free_tier_requests, limit: 50
Please retry in 3.883467611s. [violations {
}
, links {
  description: "Learn more about Gemini API quotas"
  url: "https://ai.google.dev/gemini-api/docs/rate-limits"
}
, retry_delay {
  seconds: 3
}
]
2025-10-09 15:10:56,091 - INFO - Generated 0 unique pairs in this batch
2025-10-09 15:10:56,092 - INFO - Duplicates skipped so far: 1
2025-10-09 15:10:56,092 - INFO - Total progress: 249/500
2025-10-09 15:10:58,095 - INFO - 
============================================================
2025-10-09 15:10:58,096 - INFO - Generating batch 74
2025-10-09 15:10:58,096 - INFO - Progress: 249/500 pairs
2025-10-09 15:10:58,096 - INFO - ============================================================

2025-10-09 15:10:58,178 - ERROR - Error generating pairs for batch 74: 429 You exceeded your current quota, please check your plan and billing details. For more information on this error, head to: https://ai.google.dev/gemini-api/docs/rate-limits.
* Quota exceeded for metric: generativelanguage.googleapis.com/generate_content_free_tier_requests, limit: 50
Please retry in 1.794513695s. [violations {
}
, links {
  description: "Learn more about Gemini API quotas"
  url: "https://ai.google.dev/gemini-api/docs/rate-limits"
}
, retry_delay {
  seconds: 1
}
]
2025-10-09 15:10:58,179 - INFO - Generated 0 unique pairs in this batch
2025-10-09 15:10:58,179 - INFO - Duplicates skipped so far: 1
2025-10-09 15:10:58,179 - INFO - Total progress: 249/500
2025-10-09 15:11:00,184 - INFO - 
============================================================
2025-10-09 15:11:00,184 - INFO - Generating batch 75
2025-10-09 15:11:00,184 - INFO - Progress: 249/500 pairs
2025-10-09 15:11:00,184 - INFO - ============================================================

2025-10-09 15:11:00,267 - ERROR - Error generating pairs for batch 75: 429 You exceeded your current quota, please check your plan and billing details. For more information on this error, head to: https://ai.google.dev/gemini-api/docs/rate-limits.
* Quota exceeded for metric: generativelanguage.googleapis.com/generate_content_free_tier_requests, limit: 50
Please retry in 59.705008963s. [violations {
}
, links {
  description: "Learn more about Gemini API quotas"
  url: "https://ai.google.dev/gemini-api/docs/rate-limits"
}
, retry_delay {
  seconds: 59
}
]
2025-10-09 15:11:00,267 - INFO - Generated 0 unique pairs in this batch
2025-10-09 15:11:00,268 - INFO - Duplicates skipped so far: 1
2025-10-09 15:11:00,268 - INFO - Total progress: 249/500
2025-10-09 15:11:02,274 - INFO - 
============================================================
2025-10-09 15:11:02,275 - INFO - Generating batch 76
2025-10-09 15:11:02,275 - INFO - Progress: 249/500 pairs
2025-10-09 15:11:02,275 - INFO - ============================================================

2025-10-09 15:11:02,355 - ERROR - Error generating pairs for batch 76: 429 You exceeded your current quota, please check your plan and billing details. For more information on this error, head to: https://ai.google.dev/gemini-api/docs/rate-limits.
* Quota exceeded for metric: generativelanguage.googleapis.com/generate_content_free_tier_requests, limit: 50
Please retry in 57.615920068s. [violations {
}
, links {
  description: "Learn more about Gemini API quotas"
  url: "https://ai.google.dev/gemini-api/docs/rate-limits"
}
, retry_delay {
  seconds: 57
}
]
2025-10-09 15:11:02,355 - INFO - Generated 0 unique pairs in this batch
2025-10-09 15:11:02,355 - INFO - Duplicates skipped so far: 1
2025-10-09 15:11:02,355 - INFO - Total progress: 249/500
2025-10-09 15:11:04,360 - INFO - 
============================================================
2025-10-09 15:11:04,360 - INFO - Generating batch 77
2025-10-09 15:11:04,361 - INFO - Progress: 249/500 pairs
2025-10-09 15:11:04,361 - INFO - ============================================================

2025-10-09 15:11:04,473 - ERROR - Error generating pairs for batch 77: 429 You exceeded your current quota, please check your plan and billing details. For more information on this error, head to: https://ai.google.dev/gemini-api/docs/rate-limits.
* Quota exceeded for metric: generativelanguage.googleapis.com/generate_content_free_tier_requests, limit: 50
Please retry in 55.49977389s. [violations {
}
, links {
  description: "Learn more about Gemini API quotas"
  url: "https://ai.google.dev/gemini-api/docs/rate-limits"
}
, retry_delay {
  seconds: 55
}
]
2025-10-09 15:11:04,473 - INFO - Generated 0 unique pairs in this batch
2025-10-09 15:11:04,473 - INFO - Duplicates skipped so far: 1
2025-10-09 15:11:04,473 - INFO - Total progress: 249/500
2025-10-09 15:11:06,480 - INFO - 
============================================================
2025-10-09 15:11:06,481 - INFO - Generating batch 78
2025-10-09 15:11:06,481 - INFO - Progress: 249/500 pairs
2025-10-09 15:11:06,481 - INFO - ============================================================

2025-10-09 15:11:06,586 - ERROR - Error generating pairs for batch 78: 429 You exceeded your current quota, please check your plan and billing details. For more information on this error, head to: https://ai.google.dev/gemini-api/docs/rate-limits.
* Quota exceeded for metric: generativelanguage.googleapis.com/generate_content_free_tier_requests, limit: 50
Please retry in 53.38671056s. [violations {
}
, links {
  description: "Learn more about Gemini API quotas"
  url: "https://ai.google.dev/gemini-api/docs/rate-limits"
}
, retry_delay {
  seconds: 53
}
]
2025-10-09 15:11:06,586 - INFO - Generated 0 unique pairs in this batch
2025-10-09 15:11:06,586 - INFO - Duplicates skipped so far: 1
2025-10-09 15:11:06,587 - INFO - Total progress: 249/500
2025-10-09 15:11:08,593 - INFO - 
============================================================
2025-10-09 15:11:08,593 - INFO - Generating batch 79
2025-10-09 15:11:08,593 - INFO - Progress: 249/500 pairs
2025-10-09 15:11:08,593 - INFO - ============================================================

2025-10-09 15:11:08,673 - ERROR - Error generating pairs for batch 79: 429 You exceeded your current quota, please check your plan and billing details. For more information on this error, head to: https://ai.google.dev/gemini-api/docs/rate-limits.
* Quota exceeded for metric: generativelanguage.googleapis.com/generate_content_free_tier_requests, limit: 50
Please retry in 51.297031768s. [violations {
}
, links {
  description: "Learn more about Gemini API quotas"
  url: "https://ai.google.dev/gemini-api/docs/rate-limits"
}
, retry_delay {
  seconds: 51
}
]
2025-10-09 15:11:08,673 - INFO - Generated 0 unique pairs in this batch
2025-10-09 15:11:08,673 - INFO - Duplicates skipped so far: 1
2025-10-09 15:11:08,673 - INFO - Total progress: 249/500
2025-10-09 15:11:10,678 - INFO - 
============================================================
2025-10-09 15:11:10,679 - INFO - Generating batch 80
2025-10-09 15:11:10,679 - INFO - Progress: 249/500 pairs
2025-10-09 15:11:10,679 - INFO - ============================================================

2025-10-09 15:11:10,776 - ERROR - Error generating pairs for batch 80: 429 You exceeded your current quota, please check your plan and billing details. For more information on this error, head to: https://ai.google.dev/gemini-api/docs/rate-limits.
* Quota exceeded for metric: generativelanguage.googleapis.com/generate_content_free_tier_requests, limit: 50
Please retry in 49.196228558s. [violations {
}
, links {
  description: "Learn more about Gemini API quotas"
  url: "https://ai.google.dev/gemini-api/docs/rate-limits"
}
, retry_delay {
  seconds: 49
}
]
2025-10-09 15:11:10,776 - INFO - Generated 0 unique pairs in this batch
2025-10-09 15:11:10,776 - INFO - Duplicates skipped so far: 1
2025-10-09 15:11:10,776 - INFO - Total progress: 249/500
2025-10-09 15:11:12,777 - INFO - 
============================================================
2025-10-09 15:11:12,777 - INFO - Generating batch 81
2025-10-09 15:11:12,777 - INFO - Progress: 249/500 pairs
2025-10-09 15:11:12,778 - INFO - ============================================================

2025-10-09 15:11:12,869 - ERROR - Error generating pairs for batch 81: 429 You exceeded your current quota, please check your plan and billing details. For more information on this error, head to: https://ai.google.dev/gemini-api/docs/rate-limits.
* Quota exceeded for metric: generativelanguage.googleapis.com/generate_content_free_tier_requests, limit: 50
Please retry in 47.113100466s. [violations {
}
, links {
  description: "Learn more about Gemini API quotas"
  url: "https://ai.google.dev/gemini-api/docs/rate-limits"
}
, retry_delay {
  seconds: 47
}
]
2025-10-09 15:11:12,870 - INFO - Generated 0 unique pairs in this batch
2025-10-09 15:11:12,870 - INFO - Duplicates skipped so far: 1
2025-10-09 15:11:12,870 - INFO - Total progress: 249/500
2025-10-09 15:11:13,208 - INFO - 
Script interrupted by user. Progress has been saved.
2025-10-09 15:11:13,208 - INFO - Run the script again to resume from where you left off.
2025-10-09 15:12:07,054 - INFO - ============================================================
2025-10-09 15:12:07,055 - INFO - Starting DSA Instruction-Response Pair Generation
2025-10-09 15:12:07,055 - INFO - ============================================================
2025-10-09 15:12:07,058 - INFO - Loaded 249 existing instructions for deduplication
2025-10-09 15:12:07,058 - INFO - Resuming generation. Already generated 249 pairs
2025-10-09 15:12:07,058 - INFO - Target: 500 total pairs
2025-10-09 15:12:07,058 - INFO - Remaining: 251 pairs to generate
2025-10-09 15:12:07,058 - INFO - Topics covered: 20 DSA categories
2025-10-09 15:12:07,058 - INFO - 
============================================================
2025-10-09 15:12:07,058 - INFO - Generating batch 1
2025-10-09 15:12:07,058 - INFO - Progress: 249/500 pairs
2025-10-09 15:12:07,058 - INFO - ============================================================

2025-10-09 15:12:30,526 - INFO - Sample - Q: When would you choose an AVL tree over a Red-Black tree, and what are the key differences in their b...
2025-10-09 15:12:30,527 - INFO - Sample - A: You would choose an AVL tree over a Red-Black tree in scenarios with very frequent lookups and infrequent insertions or deletions. AVL trees are more ...
2025-10-09 15:12:30,527 - INFO - Sample - Q: How can you efficiently find the Kth largest element in an unsorted array using a min-heap? Explain ...
2025-10-09 15:12:30,527 - INFO - Sample - A: To find the Kth largest element using a min-heap, you can iterate through the array while maintaining a heap of size K. First, build a min-heap with t...
2025-10-09 15:12:30,528 - INFO - Generated 5 unique pairs in this batch
2025-10-09 15:12:30,528 - INFO - Total progress: 254/500
2025-10-09 15:12:32,532 - INFO - 
============================================================
2025-10-09 15:12:32,532 - INFO - Generating batch 2
2025-10-09 15:12:32,532 - INFO - Progress: 254/500 pairs
2025-10-09 15:12:32,532 - INFO - ============================================================

2025-10-09 15:12:58,779 - INFO - Sample - Q: Explain the core greedy choice in Huffman's algorithm for data compression and why this strategy lea...
2025-10-09 15:12:58,780 - INFO - Sample - A: The core greedy choice in Huffman's algorithm is to always merge the two nodes (representing characters or sub-trees) with the lowest frequencies into...
2025-10-09 15:12:58,780 - INFO - Sample - Q: Compare Heap Sort and Quick Sort, focusing on their time complexity (best, average, worst), space co...
2025-10-09 15:12:58,780 - INFO - Sample - A: Heap Sort has a consistent time complexity of O(n log n) for best, average, and worst cases because the height of the heap is always logarithmic. Quic...
2025-10-09 15:12:58,781 - INFO - Generated 5 unique pairs in this batch
2025-10-09 15:12:58,781 - INFO - Total progress: 259/500
2025-10-09 15:13:00,787 - INFO - 
============================================================
2025-10-09 15:13:00,787 - INFO - Generating batch 3
2025-10-09 15:13:00,788 - INFO - Progress: 259/500 pairs
2025-10-09 15:13:00,788 - INFO - ============================================================

2025-10-09 15:13:33,723 - INFO - Sample - Q: What are 'optimal substructure' and 'overlapping subproblems', and why are they both essential for a...
2025-10-09 15:13:33,723 - INFO - Sample - A: Optimal substructure and overlapping subproblems are the two key properties that characterize problems solvable by dynamic programming. Optimal substr...
2025-10-09 15:13:33,723 - INFO - Sample - Q: Provide an example of a problem where a greedy algorithm fails to produce the optimal solution, and ...
2025-10-09 15:13:33,723 - INFO - Sample - A: A classic example is the coin change problem with a non-standard set of denominations. The greedy approach is to always take the largest coin smaller ...
2025-10-09 15:13:33,724 - INFO - Generated 5 unique pairs in this batch
2025-10-09 15:13:33,724 - INFO - Total progress: 264/500
2025-10-09 15:13:35,725 - INFO - 
============================================================
2025-10-09 15:13:35,725 - INFO - Generating batch 4
2025-10-09 15:13:35,725 - INFO - Progress: 264/500 pairs
2025-10-09 15:13:35,725 - INFO - ============================================================

2025-10-09 15:14:06,133 - INFO - Sample - Q: What is the fundamental difference between Big O, Big Omega (Ω), and Big Theta (Θ) notation in algor...
2025-10-09 15:14:06,133 - INFO - Sample - A: Big O (O) notation describes the upper bound of an algorithm's complexity, representing its worst-case scenario. Big Omega (Ω) describes the lower bou...
2025-10-09 15:14:06,134 - INFO - Sample - Q: When designing a system to connect cities with a fiber-optic network using the least amount of cable...
2025-10-09 15:14:06,134 - INFO - Sample - A: You would use Prim's algorithm. The goal is to connect all cities (vertices) with the minimum total cable length (edge weights), which is precisely th...
2025-10-09 15:14:06,134 - INFO - Generated 5 unique pairs in this batch
2025-10-09 15:14:06,134 - INFO - Total progress: 269/500
2025-10-09 15:14:08,136 - INFO - 
============================================================
2025-10-09 15:14:08,136 - INFO - Generating batch 5
2025-10-09 15:14:08,137 - INFO - Progress: 269/500 pairs
2025-10-09 15:14:08,137 - INFO - ============================================================

2025-10-09 15:14:40,268 - INFO - Sample - Q: Explain the concept of amortized analysis using a dynamic array (like Python's list or C++'s std::ve...
2025-10-09 15:14:40,269 - INFO - Sample - A: Amortized analysis evaluates the average cost of an operation over a sequence of operations, providing a more realistic performance measure than worst...
2025-10-09 15:14:40,269 - INFO - Sample - Q: Compare Prim's and Kruskal's algorithms for finding a Minimum Spanning Tree (MST). In what kind of g...
2025-10-09 15:14:40,269 - INFO - Sample - A: Both Prim's and Kruskal's are greedy algorithms that find an MST, but they build it differently. Prim's algorithm grows a single tree by starting from...
2025-10-09 15:14:40,269 - INFO - Generated 5 unique pairs in this batch
2025-10-09 15:14:40,269 - INFO - Total progress: 274/500
2025-10-09 15:14:42,276 - INFO - 
============================================================
2025-10-09 15:14:42,276 - INFO - Generating batch 6
2025-10-09 15:14:42,276 - INFO - Progress: 274/500 pairs
2025-10-09 15:14:42,276 - INFO - ============================================================

2025-10-09 15:15:05,726 - INFO - Sample - Q: Explain the concept of 'memoization' in dynamic programming. How is it different from 'tabulation'?...
2025-10-09 15:15:05,727 - INFO - Sample - A: Memoization is a top-down dynamic programming technique that involves solving a problem recursively while caching the results of expensive function ca...
2025-10-09 15:15:05,727 - INFO - Sample - Q: Describe how you would implement a min-heap using an array and explain the time complexity of its co...
2025-10-09 15:15:05,727 - INFO - Sample - A: To implement a min-heap using an array, we store the tree level by level. For a node at index `i`, its left child is at `2*i + 1`, its right child is ...
2025-10-09 15:15:05,727 - INFO - Generated 5 unique pairs in this batch
2025-10-09 15:15:05,727 - INFO - Total progress: 279/500
2025-10-09 15:15:07,733 - INFO - 
============================================================
2025-10-09 15:15:07,734 - INFO - Generating batch 7
2025-10-09 15:15:07,734 - INFO - Progress: 279/500 pairs
2025-10-09 15:15:07,734 - INFO - ============================================================

2025-10-09 15:15:31,521 - INFO - Sample - Q: How can you efficiently implement a 'Least Recently Used' (LRU) cache using a Doubly Linked List and...
2025-10-09 15:15:31,522 - INFO - Sample - A: An LRU cache is implemented by combining a Hash Map and a Doubly Linked List. The Hash Map stores key-value pairs where the value is a reference (or p...
2025-10-09 15:15:31,522 - INFO - Sample - Q: Describe an algorithm to find the 'Next Greater Element' (NGE) for each element in an array using a ...
2025-10-09 15:15:31,522 - INFO - Sample - A: To find the Next Greater Element (NGE) for all elements in an array, you can use a monotonic stack. The algorithm involves iterating through the input...
2025-10-09 15:15:31,522 - INFO - Generated 5 unique pairs in this batch
2025-10-09 15:15:31,523 - INFO - Total progress: 284/500
2025-10-09 15:15:33,533 - INFO - 
============================================================
2025-10-09 15:15:33,533 - INFO - Generating batch 8
2025-10-09 15:15:33,533 - INFO - Progress: 284/500 pairs
2025-10-09 15:15:33,533 - INFO - ============================================================

2025-10-09 15:15:52,105 - INFO - Sample - Q: What is the 'heap property' and how does it enable a binary heap to be an efficient underlying data ...
2025-10-09 15:15:52,106 - INFO - Sample - A: The 'heap property' dictates the relationship between a parent node and its children. In a Min-Heap, every parent node is smaller than or equal to its...
2025-10-09 15:15:52,106 - INFO - Sample - Q: Explain the difference between Linear Probing and Separate Chaining as strategies for handling hash ...
2025-10-09 15:15:52,106 - INFO - Sample - A: Separate Chaining and Linear Probing are two common collision resolution techniques. In Separate Chaining, each bucket in the hash table's array is a ...
2025-10-09 15:15:52,106 - INFO - Generated 5 unique pairs in this batch
2025-10-09 15:15:52,106 - INFO - Total progress: 289/500
2025-10-09 15:15:54,112 - INFO - 
============================================================
2025-10-09 15:15:54,112 - INFO - Generating batch 9
2025-10-09 15:15:54,112 - INFO - Progress: 289/500 pairs
2025-10-09 15:15:54,113 - INFO - ============================================================

2025-10-09 15:16:25,909 - INFO - Sample - Q: Explain why Heapsort is considered an in-place sorting algorithm, and compare its stability and prac...
2025-10-09 15:16:25,910 - INFO - Sample - A: Heapsort is an in-place algorithm because it sorts the elements within the original array, requiring only a constant amount of extra memory (O(1) spac...
2025-10-09 15:16:25,910 - INFO - Sample - Q: How do you modify the standard binary search algorithm to find an element in a rotated sorted array,...
2025-10-09 15:16:25,910 - INFO - Sample - A: To find an element in a rotated sorted array, you modify binary search by determining which half of the current search space is normally sorted. In ea...
2025-10-09 15:16:25,910 - INFO - Generated 5 unique pairs in this batch
2025-10-09 15:16:25,911 - INFO - Total progress: 294/500
2025-10-09 15:16:27,913 - INFO - 
============================================================
2025-10-09 15:16:27,913 - INFO - Generating batch 10
2025-10-09 15:16:27,913 - INFO - Progress: 294/500 pairs
2025-10-09 15:16:27,913 - INFO - ============================================================

2025-10-09 15:16:56,271 - INFO - Sample - Q: What are the two key properties a problem must exhibit for a greedy algorithm to guarantee an optima...
2025-10-09 15:16:56,272 - INFO - Sample - A: For a greedy algorithm to be provably optimal, the problem must exhibit two key properties: the Greedy Choice Property and Optimal Substructure. The G...
2025-10-09 15:16:56,272 - INFO - Sample - Q: In the context of backtracking algorithms, what is 'pruning'? Explain how it is used to optimize the...
2025-10-09 15:16:56,272 - INFO - Sample - A: Pruning in backtracking is a technique for reducing the search space by eliminating branches of the recursion tree that cannot lead to a valid or opti...
2025-10-09 15:16:56,272 - INFO - Generated 5 unique pairs in this batch
2025-10-09 15:16:56,272 - INFO - Total progress: 299/500
2025-10-09 15:16:58,278 - INFO - 
============================================================
2025-10-09 15:16:58,278 - INFO - Generating batch 11
2025-10-09 15:16:58,278 - INFO - Progress: 299/500 pairs
2025-10-09 15:16:58,278 - INFO - ============================================================

2025-10-09 15:17:30,478 - INFO - Sample - Q: Explain why an algorithm with O(n log n) time complexity is significantly more efficient than one wi...
2025-10-09 15:17:30,478 - INFO - Sample - A: The fundamental difference lies in how the number of operations scales as the input size 'n' increases. An O(n^2) algorithm's operation count grows qu...
2025-10-09 15:17:30,478 - INFO - Sample - Q: What is amortized analysis, and how does it explain the O(1) append time for dynamic arrays like Pyt...
2025-10-09 15:17:30,479 - INFO - Sample - A: Amortized analysis is a method for analyzing an algorithm's complexity by averaging the cost of a sequence of operations over time, rather than focusi...
2025-10-09 15:17:30,479 - INFO - Generated 5 unique pairs in this batch
2025-10-09 15:17:30,479 - INFO - Total progress: 304/500
2025-10-09 15:17:32,483 - INFO - 
============================================================
2025-10-09 15:17:32,483 - INFO - Generating batch 12
2025-10-09 15:17:32,483 - INFO - Progress: 304/500 pairs
2025-10-09 15:17:32,483 - INFO - ============================================================

2025-10-09 15:17:55,150 - INFO - Sample - Q: Explain the process of resizing a hash map (or hash table) and analyze its amortized time complexity...
2025-10-09 15:17:55,150 - INFO - Sample - A: When a hash map's load factor (the ratio of elements to buckets) exceeds a predefined threshold, it triggers a resize operation to maintain performanc...
2025-10-09 15:17:55,150 - INFO - Sample - Q: When would you choose the Knuth-Morris-Pratt (KMP) algorithm for string searching over a simpler nai...
2025-10-09 15:17:55,151 - INFO - Sample - A: The Knuth-Morris-Pratt (KMP) algorithm is superior to the naive O(m*n) approach when searching for a pattern in a very long text, or when the same pat...
2025-10-09 15:17:55,151 - INFO - Generated 5 unique pairs in this batch
2025-10-09 15:17:55,151 - INFO - Total progress: 309/500
2025-10-09 15:17:57,163 - INFO - 
============================================================
2025-10-09 15:17:57,163 - INFO - Generating batch 13
2025-10-09 15:17:57,163 - INFO - Progress: 309/500 pairs
2025-10-09 15:17:57,163 - INFO - ============================================================

2025-10-09 15:18:23,956 - INFO - Sample - Q: Compare and contrast the two primary hash table collision resolution strategies: separate chaining a...
2025-10-09 15:18:23,957 - INFO - Sample - A: Separate chaining and open addressing are two methods for handling hash collisions. In separate chaining, each index in the hash table points to a lin...
2025-10-09 15:18:23,957 - INFO - Sample - Q: How do you implement a Trie (Prefix Tree) to support an autocomplete feature? Provide a brief code s...
2025-10-09 15:18:23,957 - INFO - Sample - A: A Trie is implemented using nodes, where each `TrieNode` contains a dictionary (or hash map) mapping characters to child `TrieNode`s and a boolean fla...
2025-10-09 15:18:23,957 - INFO - Generated 5 unique pairs in this batch
2025-10-09 15:18:23,958 - INFO - Total progress: 314/500
2025-10-09 15:18:25,970 - INFO - 
============================================================
2025-10-09 15:18:25,970 - INFO - Generating batch 14
2025-10-09 15:18:25,970 - INFO - Progress: 314/500 pairs
2025-10-09 15:18:25,970 - INFO - ============================================================

2025-10-09 15:18:51,286 - INFO - Sample - Q: You are processing a continuous stream of data and need to find the median at any given point. How w...
2025-10-09 15:18:51,287 - INFO - Sample - A: The most efficient way to solve this problem is by using two heaps: a max-heap to store the smaller half of the numbers and a min-heap to store the la...
2025-10-09 15:18:51,287 - INFO - Sample - Q: Explain the concept of 'rotations' in self-balancing binary search trees like AVL trees. Why are the...
2025-10-09 15:18:51,287 - INFO - Sample - A: Rotations are local transformations used in self-balancing binary search trees (like AVL or Red-Black trees) to restore the tree's balance property af...
2025-10-09 15:18:51,287 - INFO - Generated 5 unique pairs in this batch
2025-10-09 15:18:51,287 - INFO - Total progress: 319/500
2025-10-09 15:18:53,293 - INFO - 
============================================================
2025-10-09 15:18:53,293 - INFO - Generating batch 15
2025-10-09 15:18:53,293 - INFO - Progress: 319/500 pairs
2025-10-09 15:18:53,293 - INFO - ============================================================

2025-10-09 15:19:21,604 - INFO - Sample - Q: What is the primary prerequisite for using Binary Search, and why does this requirement allow it to ...
2025-10-09 15:19:21,604 - INFO - Sample - A: The absolute prerequisite for using Binary Search is that the data collection must be sorted. This sorted property is the key to its efficiency. By co...
2025-10-09 15:19:21,605 - INFO - Sample - Q: Compare and contrast the two primary hash collision resolution techniques: separate chaining and ope...
2025-10-09 15:19:21,605 - INFO - Sample - A: Separate chaining and open addressing are two fundamental strategies for handling hash collisions in a hash table. In separate chaining, each bucket i...
2025-10-09 15:19:21,605 - INFO - Generated 5 unique pairs in this batch
2025-10-09 15:19:21,605 - INFO - Total progress: 324/500
2025-10-09 15:19:23,613 - INFO - 
============================================================
2025-10-09 15:19:23,613 - INFO - Generating batch 16
2025-10-09 15:19:23,613 - INFO - Progress: 324/500 pairs
2025-10-09 15:19:23,613 - INFO - ============================================================

2025-10-09 15:19:49,470 - INFO - Sample - Q: A standard binary search implementation finds *an* instance of a target value in a sorted array, but...
2025-10-09 15:19:49,470 - INFO - Sample - A: To find the first occurrence of a target in a sorted array with duplicates, you must adapt the standard binary search logic. The core idea is that whe...
2025-10-09 15:19:49,471 - INFO - Sample - Q: Explain the key differences between memoization (top-down) and tabulation (bottom-up) approaches in ...
2025-10-09 15:19:49,471 - INFO - Sample - A: Memoization and tabulation are two strategies for implementing dynamic programming. Memoization is a top-down approach that uses recursion. It solves ...
2025-10-09 15:19:49,471 - INFO - Generated 5 unique pairs in this batch
2025-10-09 15:19:49,471 - INFO - Total progress: 329/500
2025-10-09 15:19:51,482 - INFO - 
============================================================
2025-10-09 15:19:51,483 - INFO - Generating batch 17
2025-10-09 15:19:51,483 - INFO - Progress: 329/500 pairs
2025-10-09 15:19:51,483 - INFO - ============================================================

2025-10-09 15:20:18,114 - INFO - Sample - Q: In a backtracking algorithm like the N-Queens problem, explain the distinct roles of the 'base case'...
2025-10-09 15:20:18,115 - INFO - Sample - A: In backtracking, the 'base case' defines the condition for a successful solution. For N-Queens, the base case is reached when we have successfully pla...
2025-10-09 15:20:18,115 - INFO - Sample - Q: Both Divide and Conquer and Dynamic Programming break problems into subproblems. What is the fundame...
2025-10-09 15:20:18,115 - INFO - Sample - A: The fundamental difference lies in the nature of the subproblems they solve. Divide and Conquer algorithms partition the problem into disjoint (non-ov...
2025-10-09 15:20:18,115 - INFO - Generated 5 unique pairs in this batch
2025-10-09 15:20:18,116 - INFO - Total progress: 334/500
2025-10-09 15:20:20,127 - INFO - 
============================================================
2025-10-09 15:20:20,127 - INFO - Generating batch 18
2025-10-09 15:20:20,127 - INFO - Progress: 334/500 pairs
2025-10-09 15:20:20,127 - INFO - ============================================================

2025-10-09 15:20:46,231 - INFO - Sample - Q: Explain the key difference between Amortized O(1) and Average-Case O(1) time complexity, using a dyn...
2025-10-09 15:20:46,231 - INFO - Sample - A: The primary difference lies in the guarantee they provide. Average-Case O(1) is a probabilistic statement that depends on the assumption of a random d...
2025-10-09 15:20:46,231 - INFO - Sample - Q: Compare Prim's algorithm and Kruskal's algorithm for finding a Minimum Spanning Tree (MST). In what ...
2025-10-09 15:20:46,231 - INFO - Sample - A: Both Prim's and Kruskal's are greedy algorithms that find an MST, but they differ in their strategy and ideal use cases. Prim's algorithm grows a sing...
2025-10-09 15:20:46,232 - INFO - Generated 4 unique pairs in this batch
2025-10-09 15:20:46,232 - INFO - Total progress: 338/500
2025-10-09 15:20:48,243 - INFO - 
============================================================
2025-10-09 15:20:48,243 - INFO - Generating batch 19
2025-10-09 15:20:48,243 - INFO - Progress: 338/500 pairs
2025-10-09 15:20:48,243 - INFO - ============================================================

2025-10-09 15:21:14,429 - INFO - Sample - Q: What is the practical difference between resolving hash collisions with linear probing versus separa...
2025-10-09 15:21:14,429 - INFO - Sample - A: Linear probing and separate chaining are two common methods for resolving hash collisions. In linear probing, an open addressing scheme, if a hash col...
2025-10-09 15:21:14,430 - INFO - Sample - Q: Explain how you would design a Trie data structure to implement an autocomplete feature. Provide a b...
2025-10-09 15:21:14,430 - INFO - Sample - A: A Trie, or prefix tree, is ideal for autocomplete because its structure naturally stores words by their prefixes. The design consists of a root node a...
2025-10-09 15:21:14,430 - INFO - Generated 5 unique pairs in this batch
2025-10-09 15:21:14,430 - INFO - Total progress: 343/500
2025-10-09 15:21:16,435 - INFO - 
============================================================
2025-10-09 15:21:16,436 - INFO - Generating batch 20
2025-10-09 15:21:16,436 - INFO - Progress: 343/500 pairs
2025-10-09 15:21:16,436 - INFO - ============================================================

2025-10-09 15:21:39,215 - INFO - Sample - Q: Explain the core idea behind the Knuth-Morris-Pratt (KMP) algorithm's preprocessing step (the LPS ar...
2025-10-09 15:21:39,215 - INFO - Sample - A: The core optimization of the KMP algorithm lies in its preprocessing step, which creates a Longest Proper Prefix Suffix (LPS) array. This array, `lps[...
2025-10-09 15:21:39,215 - INFO - Sample - Q: Describe the algorithm for reversing a doubly linked list in-place. What pointers need to be tracked...
2025-10-09 15:21:39,215 - INFO - Sample - A: To reverse a doubly linked list in-place, you traverse the list from the original head to the tail, swapping the `next` and `prev` pointers of each no...
2025-10-09 15:21:39,216 - INFO - Generated 5 unique pairs in this batch
2025-10-09 15:21:39,216 - INFO - Total progress: 348/500
2025-10-09 15:21:41,226 - INFO - 
============================================================
2025-10-09 15:21:41,226 - INFO - Generating batch 21
2025-10-09 15:21:41,226 - INFO - Progress: 348/500 pairs
2025-10-09 15:21:41,226 - INFO - ============================================================

2025-10-09 15:22:03,339 - INFO - Sample - Q: When would you choose a Red-Black Tree over an AVL Tree, and vice-versa, considering their performan...
2025-10-09 15:22:03,340 - INFO - Sample - A: The choice between an AVL tree and a Red-Black tree depends on the expected workload. AVL trees are more rigidly balanced, meaning the height differen...
2025-10-09 15:22:03,340 - INFO - Sample - Q: Explain the 'heapify-down' (or bottom-up) approach to building a binary heap from an unsorted array....
2025-10-09 15:22:03,340 - INFO - Sample - A: The bottom-up approach to building a heap, often called `buildHeap`, is more efficient than inserting elements one by one. The algorithm iterates back...
2025-10-09 15:22:03,340 - INFO - Generated 5 unique pairs in this batch
2025-10-09 15:22:03,340 - INFO - Total progress: 353/500
2025-10-09 15:22:05,348 - INFO - 
============================================================
2025-10-09 15:22:05,348 - INFO - Generating batch 22
2025-10-09 15:22:05,348 - INFO - Progress: 353/500 pairs
2025-10-09 15:22:05,348 - INFO - ============================================================

2025-10-09 15:22:35,210 - INFO - Sample - Q: In pathfinding, what is the key difference between Dijkstra's algorithm and A* search, and when woul...
2025-10-09 15:22:35,210 - INFO - Sample - A: The primary difference is that A* is an 'informed' search algorithm, while Dijkstra's is 'uninformed'. Dijkstra's algorithm finds the shortest path fr...
2025-10-09 15:22:35,210 - INFO - Sample - Q: Explain the difference between memoization and tabulation in dynamic programming, including their tr...
2025-10-09 15:22:35,211 - INFO - Sample - A: Memoization and tabulation are two strategies for implementing dynamic programming. Memoization is a top-down approach that uses recursion. It solves ...
2025-10-09 15:22:35,211 - INFO - Generated 5 unique pairs in this batch
2025-10-09 15:22:35,211 - INFO - Total progress: 358/500
2025-10-09 15:22:37,223 - INFO - 
============================================================
2025-10-09 15:22:37,223 - INFO - Generating batch 23
2025-10-09 15:22:37,223 - INFO - Progress: 358/500 pairs
2025-10-09 15:22:37,223 - INFO - ============================================================

2025-10-09 15:23:11,787 - INFO - Sample - Q: What are the two key properties a problem must exhibit to be solvable with dynamic programming, and ...
2025-10-09 15:23:11,788 - INFO - Sample - A: A problem is a good candidate for dynamic programming if it exhibits two key properties: Overlapping Subproblems and Optimal Substructure. 1) Overlapp...
2025-10-09 15:23:11,788 - INFO - Sample - Q: Explain why a greedy algorithm provides the optimal solution for the Activity Selection Problem but ...
2025-10-09 15:23:11,788 - INFO - Sample - A: The key difference lies in the 'Greedy Choice Property', which states that a globally optimal solution can be arrived at by making a sequence of local...
2025-10-09 15:23:11,788 - INFO - Generated 5 unique pairs in this batch
2025-10-09 15:23:11,788 - INFO - Total progress: 363/500
2025-10-09 15:23:13,797 - INFO - 
============================================================
2025-10-09 15:23:13,798 - INFO - Generating batch 24
2025-10-09 15:23:13,798 - INFO - Progress: 363/500 pairs
2025-10-09 15:23:13,798 - INFO - ============================================================

2025-10-09 15:23:40,283 - INFO - Sample - Q: You are designing a network for a city's fiber optic cable layout, aiming to connect all neighborhoo...
2025-10-09 15:23:40,284 - INFO - Sample - A: For this problem, a Minimum Spanning Tree (MST) algorithm like Prim's or Kruskal's is the correct choice. The goal is to create a network that connect...
2025-10-09 15:23:40,284 - INFO - Sample - Q: What is the practical difference between an O(n log n) and an O(n^2) algorithm, and why is this dist...
2025-10-09 15:23:40,284 - INFO - Sample - A: The practical difference between O(n log n) and O(n^2) is the rate at which their runtime grows as the input size (n) increases. An O(n^2) algorithm's...
2025-10-09 15:23:40,284 - INFO - Generated 5 unique pairs in this batch
2025-10-09 15:23:40,284 - INFO - Total progress: 368/500
2025-10-09 15:23:42,288 - INFO - 
============================================================
2025-10-09 15:23:42,288 - INFO - Generating batch 25
2025-10-09 15:23:42,288 - INFO - Progress: 368/500 pairs
2025-10-09 15:23:42,288 - INFO - ============================================================

2025-10-09 15:24:12,965 - INFO - Sample - Q: Explain the 'potential method' for amortized analysis and how it differs from the 'aggregate method'...
2025-10-09 15:24:12,965 - INFO - Sample - A: The potential method is a technique for amortized analysis where we define a 'potential function' (Φ) that maps the state of a data structure to a non...
2025-10-09 15:24:12,965 - INFO - Sample - Q: Compare Dijkstra's algorithm and the Bellman-Ford algorithm for finding the shortest path. When is i...
2025-10-09 15:24:12,965 - INFO - Sample - A: Dijkstra's and Bellman-Ford both solve the single-source shortest path problem, but they have different constraints and performance. Dijkstra's is a g...
2025-10-09 15:24:12,966 - INFO - Generated 5 unique pairs in this batch
2025-10-09 15:24:12,966 - INFO - Total progress: 373/500
2025-10-09 15:24:14,978 - INFO - 
============================================================
2025-10-09 15:24:14,978 - INFO - Generating batch 26
2025-10-09 15:24:14,978 - INFO - Progress: 373/500 pairs
2025-10-09 15:24:14,978 - INFO - ============================================================

2025-10-09 15:24:37,545 - INFO - Sample - Q: What are the primary trade-offs between using an Adjacency Matrix versus an Adjacency List to repres...
2025-10-09 15:24:37,546 - INFO - Sample - A: An Adjacency Matrix is a V x V grid where `matrix[i][j] = 1` indicates an edge between vertex i and j. An Adjacency List uses an array of lists, where...
2025-10-09 15:24:37,546 - INFO - Sample - Q: Both Dijkstra's and Prim's algorithms are greedy and often implemented with a priority queue. What i...
2025-10-09 15:24:37,546 - INFO - Sample - A: The fundamental difference lies in their objective and the property they maintain. Dijkstra's algorithm finds the shortest path from a single source v...
2025-10-09 15:24:37,546 - INFO - Generated 5 unique pairs in this batch
2025-10-09 15:24:37,546 - INFO - Total progress: 378/500
2025-10-09 15:24:39,550 - INFO - 
============================================================
2025-10-09 15:24:39,551 - INFO - Generating batch 27
2025-10-09 15:24:39,551 - INFO - Progress: 378/500 pairs
2025-10-09 15:24:39,551 - INFO - ============================================================

2025-10-09 15:25:00,719 - INFO - Sample - Q: What is the 'heap property' and how does it differ between a min-heap and a max-heap? Provide a simp...
2025-10-09 15:25:00,720 - INFO - Sample - A: The 'heap property' is a structural constraint that defines the relationship between a parent node and its children in a heap data structure. For a mi...
2025-10-09 15:25:00,720 - INFO - Sample - Q: How can you implement a queue using only two stacks, and what are the amortized time complexities of...
2025-10-09 15:25:00,720 - INFO - Sample - A: A queue can be implemented using two stacks, often named 'input' and 'output'. For the enqueue operation, an element is simply pushed onto the 'input'...
2025-10-09 15:25:00,720 - INFO - Generated 5 unique pairs in this batch
2025-10-09 15:25:00,720 - INFO - Total progress: 383/500
2025-10-09 15:25:02,724 - INFO - 
============================================================
2025-10-09 15:25:02,724 - INFO - Generating batch 28
2025-10-09 15:25:02,724 - INFO - Progress: 383/500 pairs
2025-10-09 15:25:02,724 - INFO - ============================================================

2025-10-09 15:25:28,829 - INFO - Sample - Q: Explain the 'heap property' and how the `heapify` operation works to maintain it in a binary heap. P...
2025-10-09 15:25:28,829 - INFO - Sample - A: The heap property defines the relationship between a parent node and its children. In a max-heap, every parent node's value is greater than or equal t...
2025-10-09 15:25:28,829 - INFO - Sample - Q: Compare and contrast two common hash collision resolution strategies: Separate Chaining and Open Add...
2025-10-09 15:25:28,830 - INFO - Sample - A: Separate Chaining and Linear Probing are two distinct methods for handling hash collisions. In Separate Chaining, each index in the hash table points ...
2025-10-09 15:25:28,830 - INFO - Generated 5 unique pairs in this batch
2025-10-09 15:25:28,830 - INFO - Total progress: 388/500
2025-10-09 15:25:30,831 - INFO - 
============================================================
2025-10-09 15:25:30,832 - INFO - Generating batch 29
2025-10-09 15:25:30,832 - INFO - Progress: 388/500 pairs
2025-10-09 15:25:30,832 - INFO - ============================================================

2025-10-09 15:25:53,359 - INFO - Sample - Q: In what practical scenarios would Heapsort be a better choice than Quicksort, despite Quicksort's of...
2025-10-09 15:25:53,359 - INFO - Sample - A: Heapsort is preferred over Quicksort in scenarios where performance predictability and memory constraints are critical. Its primary advantage is a gua...
2025-10-09 15:25:53,359 - INFO - Sample - Q: How do you implement a modified binary search to find a target element in a sorted array that has be...
2025-10-09 15:25:53,359 - INFO - Sample - A: To find an element in a rotated sorted array, you adapt binary search by first identifying which half of the current search space is sorted. In each i...
2025-10-09 15:25:53,360 - INFO - Generated 5 unique pairs in this batch
2025-10-09 15:25:53,360 - INFO - Total progress: 393/500
2025-10-09 15:25:55,371 - INFO - 
============================================================
2025-10-09 15:25:55,371 - INFO - Generating batch 30
2025-10-09 15:25:55,371 - INFO - Progress: 393/500 pairs
2025-10-09 15:25:55,371 - INFO - ============================================================

2025-10-09 15:26:23,595 - INFO - Sample - Q: What are the greedy-choice property and optimal substructure, and why are both necessary for a greed...
2025-10-09 15:26:23,595 - INFO - Sample - A: The greedy-choice property means that a globally optimal solution can be arrived at by making a sequence of locally optimal choices. At each step, the...
2025-10-09 15:26:23,596 - INFO - Sample - Q: Write a Python function using backtracking to solve the N-Queens problem, which places N queens on a...
2025-10-09 15:26:23,596 - INFO - Sample - A: The N-Queens problem is a classic backtracking challenge. The strategy is to place queens one by one in different columns, starting from the leftmost ...
2025-10-09 15:26:23,596 - INFO - Generated 5 unique pairs in this batch
2025-10-09 15:26:23,596 - INFO - Total progress: 398/500
2025-10-09 15:26:25,608 - INFO - 
============================================================
2025-10-09 15:26:25,608 - INFO - Generating batch 31
2025-10-09 15:26:25,608 - INFO - Progress: 398/500 pairs
2025-10-09 15:26:25,608 - INFO - ============================================================

2025-10-09 15:26:53,885 - INFO - Sample - Q: Explain the practical difference between O(1), O(log n), and O(n) time complexities with a concrete ...
2025-10-09 15:26:53,886 - INFO - Sample - A: These Big O notations describe how an algorithm's execution time scales with the input size 'n'. O(1) or constant time means the execution time is ind...
2025-10-09 15:26:53,886 - INFO - Sample - Q: Compare and contrast Prim's and Kruskal's algorithms for finding a Minimum Spanning Tree (MST). In w...
2025-10-09 15:26:53,886 - INFO - Sample - A: Both Prim's and Kruskal's are greedy algorithms that find a Minimum Spanning Tree (MST) in a connected, undirected, and weighted graph. Prim's algorit...
2025-10-09 15:26:53,886 - INFO - Generated 5 unique pairs in this batch
2025-10-09 15:26:53,886 - INFO - Total progress: 403/500
2025-10-09 15:26:55,914 - INFO - 
============================================================
2025-10-09 15:26:55,916 - INFO - Generating batch 32
2025-10-09 15:26:55,918 - INFO - Progress: 403/500 pairs
2025-10-09 15:26:55,918 - INFO - ============================================================

2025-10-09 15:27:26,260 - INFO - Sample - Q: What is a hash collision in a hash table, and how do separate chaining and open addressing resolve i...
2025-10-09 15:27:26,260 - INFO - Sample - A: A hash collision occurs when two distinct keys are mapped to the same index by the hash function. Two primary strategies for resolving this are separa...
2025-10-09 15:27:26,260 - INFO - Sample - Q: Describe the algorithm to find the inorder successor of a given node in a Binary Search Tree (BST). ...
2025-10-09 15:27:26,261 - INFO - Sample - A: Finding the inorder successor of a node in a BST involves two distinct cases. Case 1: If the given node has a right subtree, its inorder successor is ...
2025-10-09 15:27:26,261 - INFO - Generated 5 unique pairs in this batch
2025-10-09 15:27:26,261 - INFO - Total progress: 408/500
2025-10-09 15:27:28,264 - INFO - 
============================================================
2025-10-09 15:27:28,264 - INFO - Generating batch 33
2025-10-09 15:27:28,264 - INFO - Progress: 408/500 pairs
2025-10-09 15:27:28,264 - INFO - ============================================================

2025-10-09 15:27:53,305 - INFO - Sample - Q: Explain the concept of 'load factor' in a hash table and describe its impact on performance. What ha...
2025-10-09 15:27:53,305 - INFO - Sample - A: The load factor of a hash table is the ratio of the number of stored elements to the number of available buckets (slots). It's a critical metric for p...
2025-10-09 15:27:53,306 - INFO - Sample - Q: How would you find the k-th smallest element in a Binary Search Tree (BST)? Explain the most efficie...
2025-10-09 15:27:53,306 - INFO - Sample - A: The most efficient method to find the k-th smallest element in a BST is to perform an in-order traversal while keeping a count. Since an in-order trav...
2025-10-09 15:27:53,306 - INFO - Generated 5 unique pairs in this batch
2025-10-09 15:27:53,306 - INFO - Total progress: 413/500
2025-10-09 15:27:55,316 - INFO - 
============================================================
2025-10-09 15:27:55,316 - INFO - Generating batch 34
2025-10-09 15:27:55,316 - INFO - Progress: 413/500 pairs
2025-10-09 15:27:55,316 - INFO - ============================================================

2025-10-09 15:28:24,144 - INFO - Sample - Q: Compare AVL trees and Red-Black trees in terms of their balance factor constraints, performance on i...
2025-10-09 15:28:24,144 - INFO - Sample - A: The primary difference lies in their balancing strictness. AVL trees are more rigidly balanced, ensuring the height difference between the left and ri...
2025-10-09 15:28:24,145 - INFO - Sample - Q: Explain the 'heapify' process for building a binary heap from an unsorted array. Why is its time com...
2025-10-09 15:28:24,145 - INFO - Sample - A: Heapify is an efficient, bottom-up algorithm to build a heap from an array in-place. The process starts from the last non-leaf node (at index `floor(n...
2025-10-09 15:28:24,145 - INFO - Generated 4 unique pairs in this batch
2025-10-09 15:28:24,145 - INFO - Duplicates skipped so far: 1
2025-10-09 15:28:24,145 - INFO - Total progress: 417/500
2025-10-09 15:28:26,151 - INFO - 
============================================================
2025-10-09 15:28:26,151 - INFO - Generating batch 35
2025-10-09 15:28:26,151 - INFO - Progress: 417/500 pairs
2025-10-09 15:28:26,151 - INFO - ============================================================

2025-10-09 15:28:56,115 - INFO - Sample - Q: Compare and contrast linear probing and separate chaining as collision resolution strategies in hash...
2025-10-09 15:28:56,115 - INFO - Sample - A: Linear probing and separate chaining are two primary methods for handling hash collisions. In separate chaining, each bucket in the hash table is a po...
2025-10-09 15:28:56,115 - INFO - Sample - Q: In the context of finding the shortest path in a graph, when is it appropriate to use Dijkstra's alg...
2025-10-09 15:28:56,115 - INFO - Sample - A: The choice between Dijkstra's algorithm and Breadth-First Search (BFS) for finding the shortest path depends entirely on whether the graph's edges are...
2025-10-09 15:28:56,116 - INFO - Sample - Q: What does it mean for a sorting algorithm to be 'stable'? Provide examples of both a stable and an u...
2025-10-09 15:28:56,116 - INFO - Sample - A: A sorting algorithm is considered 'stable' if it preserves the original relative order of elements with equal keys. In other words, if two items have ...
2025-10-09 15:28:56,116 - INFO - Generated 5 unique pairs in this batch
2025-10-09 15:28:56,116 - INFO - Duplicates skipped so far: 1
2025-10-09 15:28:56,116 - INFO - Total progress: 422/500
2025-10-09 15:28:58,122 - INFO - 
============================================================
2025-10-09 15:28:58,122 - INFO - Generating batch 36
2025-10-09 15:28:58,122 - INFO - Progress: 422/500 pairs
2025-10-09 15:28:58,122 - INFO - ============================================================

2025-10-09 15:29:22,468 - INFO - Sample - Q: When would it be more efficient to use a Linear Search over a Binary Search, even if the array is al...
2025-10-09 15:29:22,468 - INFO - Sample - A: While Binary Search has a superior logarithmic time complexity O(log n), Linear Search can be more efficient in specific scenarios. For very small arr...
2025-10-09 15:29:22,469 - INFO - Sample - Q: What are the two key properties an optimization problem must exhibit to be solvable by a greedy algo...
2025-10-09 15:29:22,469 - INFO - Sample - A: A problem can be solved using a greedy algorithm if it possesses two properties: the Greedy Choice Property and Optimal Substructure. The Greedy Choic...
2025-10-09 15:29:22,469 - INFO - Generated 5 unique pairs in this batch
2025-10-09 15:29:22,469 - INFO - Duplicates skipped so far: 1
2025-10-09 15:29:22,469 - INFO - Total progress: 427/500
2025-10-09 15:29:24,473 - INFO - 
============================================================
2025-10-09 15:29:24,473 - INFO - Generating batch 37
2025-10-09 15:29:24,473 - INFO - Progress: 427/500 pairs
2025-10-09 15:29:24,473 - INFO - ============================================================

2025-10-09 15:29:52,677 - INFO - Sample - Q: Explain the difference between O(n) and O(log n) time complexity using the practical example of sear...
2025-10-09 15:29:52,678 - INFO - Sample - A: The difference between O(n) and O(log n) represents a fundamental shift in efficiency as data size grows. O(n), or linear time, is like searching the ...
2025-10-09 15:29:52,678 - INFO - Sample - Q: Analyze the time and space complexity of the following Python code, which finds the first non-repeat...
2025-10-09 15:29:52,678 - INFO - Sample - A: The time complexity is O(n) and the space complexity is O(k), where n is the length of the string and k is the number of unique characters. The algori...
2025-10-09 15:29:52,678 - INFO - Generated 5 unique pairs in this batch
2025-10-09 15:29:52,679 - INFO - Duplicates skipped so far: 1
2025-10-09 15:29:52,679 - INFO - Total progress: 432/500
2025-10-09 15:29:54,681 - INFO - 
============================================================
2025-10-09 15:29:54,681 - INFO - Generating batch 38
2025-10-09 15:29:54,682 - INFO - Progress: 432/500 pairs
2025-10-09 15:29:54,682 - INFO - ============================================================

2025-10-09 15:30:20,360 - INFO - Sample - Q: In Big O notation, what is the practical difference between O(log n) and O(log₂ n)? Does the base of...
2025-10-09 15:30:20,361 - INFO - Sample - A: In Big O notation, the base of the logarithm is irrelevant because logarithms with different bases are related by a constant factor. According to the ...
2025-10-09 15:30:20,361 - INFO - Sample - Q: Explain the concept of amortized analysis using the example of appending elements to a dynamic array...
2025-10-09 15:30:20,361 - INFO - Sample - A: Amortized analysis calculates the average cost of an operation over a sequence of operations. For a dynamic array, most appends are O(1) as they just ...
2025-10-09 15:30:20,361 - INFO - Generated 5 unique pairs in this batch
2025-10-09 15:30:20,361 - INFO - Duplicates skipped so far: 1
2025-10-09 15:30:20,361 - INFO - Total progress: 437/500
2025-10-09 15:30:22,374 - INFO - 
============================================================
2025-10-09 15:30:22,374 - INFO - Generating batch 39
2025-10-09 15:30:22,374 - INFO - Progress: 437/500 pairs
2025-10-09 15:30:22,374 - INFO - ============================================================

2025-10-09 15:30:46,333 - INFO - Sample - Q: What is the fundamental difference between an Abstract Data Type (ADT) and a Data Structure? Provide...
2025-10-09 15:30:46,333 - INFO - Sample - A: The fundamental difference lies in their level of abstraction. An Abstract Data Type (ADT) is a logical description or a mathematical model that defin...
2025-10-09 15:30:46,333 - INFO - Sample - Q: Explain the concept of amortized time complexity. Use the example of adding an element to a dynamic ...
2025-10-09 15:30:46,333 - INFO - Sample - A: Amortized time complexity is an analysis method used to determine the average cost of an operation over a sequence of operations, even if some individ...
2025-10-09 15:30:46,333 - INFO - Sample - Q: When should you use Dijkstra's algorithm versus the Bellman-Ford algorithm for finding the shortest ...
2025-10-09 15:30:46,333 - INFO - Sample - A: The primary deciding factor is the nature of the edge weights in the graph. You should use Dijkstra's algorithm only when all edge weights are non-neg...
2025-10-09 15:30:46,334 - INFO - Generated 5 unique pairs in this batch
2025-10-09 15:30:46,334 - INFO - Duplicates skipped so far: 1
2025-10-09 15:30:46,334 - INFO - Total progress: 442/500
2025-10-09 15:30:48,338 - INFO - 
============================================================
2025-10-09 15:30:48,339 - INFO - Generating batch 40
2025-10-09 15:30:48,339 - INFO - Progress: 442/500 pairs
2025-10-09 15:30:48,339 - INFO - ============================================================

2025-10-09 15:31:17,342 - INFO - Sample - Q: Explain how the Knuth-Morris-Pratt (KMP) algorithm improves upon naive string searching by using a p...
2025-10-09 15:31:17,342 - INFO - Sample - A: The naive string searching algorithm can be inefficient because after a mismatch, it shifts the pattern by only one position, leading to redundant cha...
2025-10-09 15:31:17,342 - INFO - Sample - Q: Describe the advantages and disadvantages of implementing a doubly linked list using sentinel (or du...
2025-10-09 15:31:17,342 - INFO - Sample - A: Using sentinel head and tail nodes in a doubly linked list significantly simplifies edge case handling for insertion and deletion operations. Without ...
2025-10-09 15:31:17,343 - INFO - Generated 5 unique pairs in this batch
2025-10-09 15:31:17,343 - INFO - Duplicates skipped so far: 1
2025-10-09 15:31:17,343 - INFO - Total progress: 447/500
2025-10-09 15:31:19,351 - INFO - 
============================================================
2025-10-09 15:31:19,351 - INFO - Generating batch 41
2025-10-09 15:31:19,351 - INFO - Progress: 447/500 pairs
2025-10-09 15:31:19,351 - INFO - ============================================================

2025-10-09 15:31:44,687 - INFO - Sample - Q: In what practical scenarios would a Red-Black Tree be preferred over an AVL Tree, despite AVL Trees ...
2025-10-09 15:31:44,688 - INFO - Sample - A: A Red-Black Tree is preferred over an AVL Tree in write-heavy applications where insertions and deletions are frequent. While AVL trees are more rigid...
2025-10-09 15:31:44,688 - INFO - Sample - Q: Explain why the standard bottom-up `build-heap` algorithm, which constructs a binary heap from an un...
2025-10-09 15:31:44,688 - INFO - Sample - A: The `build-heap` algorithm achieves O(n) time complexity because the work done at each node is proportional to its height, and most nodes in a complet...
2025-10-09 15:31:44,688 - INFO - Generated 5 unique pairs in this batch
2025-10-09 15:31:44,689 - INFO - Duplicates skipped so far: 1
2025-10-09 15:31:44,689 - INFO - Total progress: 452/500
2025-10-09 15:31:46,697 - INFO - 
============================================================
2025-10-09 15:31:46,697 - INFO - Generating batch 42
2025-10-09 15:31:46,697 - INFO - Progress: 452/500 pairs
2025-10-09 15:31:46,697 - INFO - ============================================================

2025-10-09 15:32:10,704 - INFO - Sample - Q: What is the difference between Dijkstra's algorithm and the A* search algorithm, and in what scenari...
2025-10-09 15:32:10,705 - INFO - Sample - A: Dijkstra's algorithm finds the shortest path from a source node to all other nodes in a weighted graph by always exploring the node with the lowest kn...
2025-10-09 15:32:10,705 - INFO - Sample - Q: Explain the concept of external sorting and how the External Merge Sort algorithm works for datasets...
2025-10-09 15:32:10,705 - INFO - Sample - A: External sorting is a class of sorting algorithms used for massive datasets that cannot fit into a computer's main memory (RAM) at once. The most comm...
2025-10-09 15:32:10,705 - INFO - Generated 4 unique pairs in this batch
2025-10-09 15:32:10,706 - INFO - Duplicates skipped so far: 2
2025-10-09 15:32:10,706 - INFO - Total progress: 456/500
2025-10-09 15:32:12,709 - INFO - 
============================================================
2025-10-09 15:32:12,709 - INFO - Generating batch 43
2025-10-09 15:32:12,709 - INFO - Progress: 456/500 pairs
2025-10-09 15:32:12,709 - INFO - ============================================================

2025-10-09 15:32:39,806 - INFO - Sample - Q: What is amortized analysis in the context of time complexity, and how does it apply to the operation...
2025-10-09 15:32:39,806 - INFO - Sample - A: Amortized analysis is a method used to determine the average time cost of an operation over a sequence of operations, rather than focusing on the wors...
2025-10-09 15:32:39,807 - INFO - Sample - Q: Explain the two essential properties a problem must have to be solvable by a greedy algorithm, and b...
2025-10-09 15:32:39,807 - INFO - Sample - A: For a problem to be solvable by a greedy algorithm, it must exhibit two key properties. First is the **Greedy Choice Property**, which means a globall...
2025-10-09 15:32:39,807 - INFO - Sample - Q: Both Merge Sort and Quicksort are Divide and Conquer algorithms. Contrast where the primary computat...
2025-10-09 15:32:39,807 - INFO - Sample - A: The primary difference lies in which step performs the main work. In Merge Sort, the 'divide' step is trivial, simply finding the midpoint in O(1). Th...
2025-10-09 15:32:39,807 - INFO - Generated 5 unique pairs in this batch
2025-10-09 15:32:39,807 - INFO - Duplicates skipped so far: 2
2025-10-09 15:32:39,808 - INFO - Total progress: 461/500
2025-10-09 15:32:41,820 - INFO - 
============================================================
2025-10-09 15:32:41,820 - INFO - Generating batch 44
2025-10-09 15:32:41,820 - INFO - Progress: 461/500 pairs
2025-10-09 15:32:41,820 - INFO - ============================================================

2025-10-09 15:33:12,426 - INFO - Sample - Q: Compare and contrast the Merge Sort and Quick Sort algorithms, both of which use the Divide and Conq...
2025-10-09 15:33:12,426 - INFO - Sample - A: Merge Sort and Quick Sort are both efficient, comparison-based sorting algorithms built on the Divide and Conquer principle, with an average time comp...
2025-10-09 15:33:12,426 - INFO - Sample - Q: Analyze the time and space complexity of the following Python function, which generates all unique p...
2025-10-09 15:33:12,427 - INFO - Sample - A: Let N be the length of `list1` and M be the length of `list2`. The time complexity of this function is O(N * M). This is because the function is domin...
2025-10-09 15:33:12,427 - INFO - Generated 5 unique pairs in this batch
2025-10-09 15:33:12,427 - INFO - Duplicates skipped so far: 2
2025-10-09 15:33:12,427 - INFO - Total progress: 466/500
2025-10-09 15:33:14,431 - INFO - 
============================================================
2025-10-09 15:33:14,432 - INFO - Generating batch 45
2025-10-09 15:33:14,432 - INFO - Progress: 466/500 pairs
2025-10-09 15:33:14,432 - INFO - ============================================================

2025-10-09 15:33:44,744 - INFO - Sample - Q: Explain the concept of amortized analysis using the dynamic array (like Python's list or C++'s std::...
2025-10-09 15:33:44,744 - INFO - Sample - A: Amortized analysis evaluates the average cost of an operation over a sequence of operations, providing a more realistic performance measure than worst...
2025-10-09 15:33:44,744 - INFO - Sample - Q: Compare and contrast Prim's and Kruskal's algorithms for finding a Minimum Spanning Tree (MST). In w...
2025-10-09 15:33:44,745 - INFO - Sample - A: Both Prim's and Kruskal's are greedy algorithms that find an MST, but they build it differently. Prim's algorithm grows a single tree from an arbitrar...
2025-10-09 15:33:44,745 - INFO - Generated 5 unique pairs in this batch
2025-10-09 15:33:44,745 - INFO - Duplicates skipped so far: 2
2025-10-09 15:33:44,745 - INFO - Total progress: 471/500
2025-10-09 15:33:46,747 - INFO - 
============================================================
2025-10-09 15:33:46,747 - INFO - Generating batch 46
2025-10-09 15:33:46,748 - INFO - Progress: 471/500 pairs
2025-10-09 15:33:46,748 - INFO - ============================================================

2025-10-09 15:34:12,504 - INFO - Sample - Q: Explain the distinction between an Abstract Data Type (ADT) and a Data Structure. Provide a clear ex...
2025-10-09 15:34:12,504 - INFO - Sample - A: An Abstract Data Type (ADT) is a logical description or a mathematical model of a data type that specifies the set of values it can hold and the opera...
2025-10-09 15:34:12,504 - INFO - Sample - Q: How would you implement a basic Trie (Prefix Tree) in Python to support `insert` and `search` operat...
2025-10-09 15:34:12,504 - INFO - Sample - A: A Trie is implemented using nodes, where each `TrieNode` contains a dictionary to store its children (mapping characters to other `TrieNode` objects) ...
2025-10-09 15:34:12,505 - INFO - Generated 5 unique pairs in this batch
2025-10-09 15:34:12,505 - INFO - Duplicates skipped so far: 2
2025-10-09 15:34:12,505 - INFO - Total progress: 476/500
2025-10-09 15:34:14,516 - INFO - 
============================================================
2025-10-09 15:34:14,516 - INFO - Generating batch 47
2025-10-09 15:34:14,516 - INFO - Progress: 476/500 pairs
2025-10-09 15:34:14,516 - INFO - ============================================================

2025-10-09 15:34:48,357 - INFO - Sample - Q: Given a pointer to a node in a doubly linked list (but not the head), explain how you would delete t...
2025-10-09 15:34:48,357 - INFO - Sample - A: To delete a node in a doubly linked list with only a pointer to that specific node, you leverage the `prev` and `next` pointers. First, you connect th...
2025-10-09 15:34:48,358 - INFO - Sample - Q: How can you implement a queue's FIFO (First-In-First-Out) behavior using only two stacks, which are ...
2025-10-09 15:34:48,358 - INFO - Sample - A: You can implement a queue using two stacks, let's call them `inStack` and `outStack`. For the `enqueue(value)` operation, you simply push the value on...
2025-10-09 15:34:48,358 - INFO - Sample - Q: Explain the 'heapify' algorithm for building a binary heap from an unsorted array. Why is its time c...
2025-10-09 15:34:48,358 - INFO - Sample - A: The `buildHeap` (or `heapify`) algorithm constructs a heap from an unsorted array in-place. It iterates backwards from the last non-leaf node (at inde...
2025-10-09 15:34:48,358 - INFO - Generated 5 unique pairs in this batch
2025-10-09 15:34:48,358 - INFO - Duplicates skipped so far: 2
2025-10-09 15:34:48,358 - INFO - Total progress: 481/500
2025-10-09 15:34:50,364 - INFO - 
============================================================
2025-10-09 15:34:50,365 - INFO - Generating batch 48
2025-10-09 15:34:50,365 - INFO - Progress: 481/500 pairs
2025-10-09 15:34:50,365 - INFO - ============================================================

2025-10-09 15:35:14,879 - INFO - Sample - Q: How can you implement a max-priority queue using only a min-heap data structure, and what are the pe...
2025-10-09 15:35:14,880 - INFO - Sample - A: To implement a max-priority queue with a min-heap, you can store the negative of each value you insert. When you want to extract the "maximum" element...
2025-10-09 15:35:14,880 - INFO - Sample - Q: Explain the concept of 'rehashing' in a hash table. Why is it necessary and what is its impact on th...
2025-10-09 15:35:14,880 - INFO - Sample - A: Rehashing is the process of creating a new, larger hash table and re-inserting all existing elements from the old table into the new one when the load...
2025-10-09 15:35:14,880 - INFO - Generated 5 unique pairs in this batch
2025-10-09 15:35:14,880 - INFO - Duplicates skipped so far: 2
2025-10-09 15:35:14,880 - INFO - Total progress: 486/500
2025-10-09 15:35:16,897 - INFO - 
============================================================
2025-10-09 15:35:16,897 - INFO - Generating batch 49
2025-10-09 15:35:16,899 - INFO - Progress: 486/500 pairs
2025-10-09 15:35:16,899 - INFO - ============================================================

2025-10-09 15:35:39,147 - INFO - Sample - Q: What is a stable sort, and why is stability an important property in certain scenarios? Provide an e...
2025-10-09 15:35:39,147 - INFO - Sample - A: A stable sorting algorithm maintains the relative order of records with equal keys. In other words, if two items have equal values, they appear in the...
2025-10-09 15:35:39,148 - INFO - Sample - Q: How would you adapt the binary search algorithm to find the minimum element in a rotated sorted arra...
2025-10-09 15:35:39,148 - INFO - Sample - A: To find the minimum element in a rotated sorted array, you can modify binary search to exploit the properties of the rotation. The core idea is to ide...
2025-10-09 15:35:39,148 - INFO - Generated 5 unique pairs in this batch
2025-10-09 15:35:39,148 - INFO - Duplicates skipped so far: 2
2025-10-09 15:35:39,148 - INFO - Total progress: 491/500
2025-10-09 15:35:41,153 - INFO - 
============================================================
2025-10-09 15:35:41,153 - INFO - Generating batch 50
2025-10-09 15:35:41,153 - INFO - Progress: 491/500 pairs
2025-10-09 15:35:41,153 - INFO - ============================================================

2025-10-09 15:36:05,809 - INFO - Sample - Q: What are the two key properties a problem must exhibit to be solvable by a greedy algorithm, and why...
2025-10-09 15:36:05,809 - INFO - Sample - A: A problem is suitable for a greedy algorithm if it exhibits two key properties: the Greedy Choice Property and Optimal Substructure. The Greedy Choice...
2025-10-09 15:36:05,809 - INFO - Sample - Q: In the context of backtracking algorithms like solving the N-Queens problem, what is 'pruning'? How ...
2025-10-09 15:36:05,810 - INFO - Sample - A: Pruning in backtracking is an optimization technique where we discard entire branches of the search tree that cannot possibly lead to a valid solution...
2025-10-09 15:36:05,810 - INFO - Generated 5 unique pairs in this batch
2025-10-09 15:36:05,810 - INFO - Duplicates skipped so far: 2
2025-10-09 15:36:05,810 - INFO - Total progress: 496/500
2025-10-09 15:36:07,821 - INFO - 
============================================================
2025-10-09 15:36:07,821 - INFO - Generating batch 51
2025-10-09 15:36:07,821 - INFO - Progress: 496/500 pairs
2025-10-09 15:36:07,821 - INFO - ============================================================

2025-10-09 15:36:37,298 - INFO - Sample - Q: In Big O notation, why do we often focus on worst-case and average-case time complexity rather than ...
2025-10-09 15:36:37,298 - INFO - Sample - A: We focus on worst-case and average-case complexity because they provide more realistic and reliable performance guarantees for an algorithm. The best-...
2025-10-09 15:36:37,298 - INFO - Sample - Q: Compare and contrast Prim's algorithm and Kruskal's algorithm for finding a Minimum Spanning Tree (M...
2025-10-09 15:36:37,298 - INFO - Sample - A: Prim's and Kruskal's are both greedy algorithms for finding an MST, but they build the tree differently. Prim's algorithm grows the MST from a single ...
2025-10-09 15:36:37,298 - INFO - Sample - Q: How does the Rabin-Karp string searching algorithm use a 'rolling hash' to achieve its average-case ...
2025-10-09 15:36:37,298 - INFO - Sample - A: The Rabin-Karp algorithm avoids expensive character-by-character comparisons by instead comparing the hash value of a pattern with the hash value of s...
2025-10-09 15:36:37,298 - INFO - Generated 4 unique pairs in this batch
2025-10-09 15:36:37,298 - INFO - Duplicates skipped so far: 2
2025-10-09 15:36:37,298 - INFO - Total progress: 500/500
2025-10-09 15:36:37,299 - INFO - 
============================================================
2025-10-09 15:36:37,299 - INFO - Generation Complete!
2025-10-09 15:36:37,299 - INFO - =============================================================
2025-10-09 15:36:37,299 - INFO - Total DSA instruction-response pairs generated: 500
2025-10-09 15:36:37,299 - INFO - Duplicates skipped: 2
2025-10-09 15:36:37,299 - INFO - Unique instructions in dataset: 500
2025-10-09 15:36:37,299 - INFO - Output saved to: dsa_instruction_dataset.jsonl
2025-10-09 15:36:37,299 - INFO - ============================================================
2025-10-09 15:36:37,300 - INFO - Progress file cleaned up
